Row Labels,Avg Region 1,Avg Region 2,Avg Region 3,Avg EU Reported Price,Export Parity,Import Parity
01-Jan-20,368.37,346.9,445.15,360.48,,
02-Jan-20,368.37,346.9,445.15,360.48,265,390
03-Jan-20,368.37,346.9,445.15,360.48,270,395
06-Jan-20,368.37,346.9,445.15,360.48,276,402
07-Jan-20,368.37,346.9,445.15,360.48,275,400
08-Jan-20,368.37,346.9,445.15,360.48,275,399
09-Jan-20,368.37,346.9,445.15,360.48,281,404
10-Jan-20,368.37,346.9,445.15,360.48,290,412
13-Jan-20,368.37,346.9,445.15,360.48,294,413
14-Jan-20,368.37,346.9,445.15,360.48,301,416
15-Jan-20,368.37,346.9,445.15,360.48,303,420
16-Jan-20,368.37,346.9,445.15,360.48,307,417
17-Jan-20,368.37,346.9,445.15,360.48,309,419
20-Jan-20,368.37,346.9,445.15,360.48,312,
21-Jan-20,368.37,346.9,445.15,360.48,313,421
22-Jan-20,368.37,346.9,445.15,360.48,317,424
23-Jan-20,368.37,346.9,445.15,360.48,314,422
24-Jan-20,368.37,346.9,445.15,360.48,314,420
27-Jan-20,368.37,346.9,445.15,360.48,309,417
28-Jan-20,368.37,346.9,445.15,360.48,318,424
29-Jan-20,368.37,346.9,445.15,360.48,320,423
30-Jan-20,368.37,346.9,445.15,360.48,320,425
31-Jan-20,368.37,346.9,445.15,360.48,318,424
03-Feb-20,378.53,357.88,449.92,370.78,326,430
04-Feb-20,378.53,357.88,449.92,370.78,324,426
05-Feb-20,378.53,357.88,449.92,370.78,325,428
06-Feb-20,378.53,357.88,449.92,370.78,326,428
07-Feb-20,378.53,357.88,449.92,370.78,340,433
10-Feb-20,378.53,357.88,449.92,370.78,343,436
11-Feb-20,378.53,357.88,449.92,370.78,351,445
12-Feb-20,378.53,357.88,449.92,370.78,363,453
13-Feb-20,378.53,357.88,449.92,370.78,342,441
14-Feb-20,378.53,357.88,449.92,370.78,326,440
17-Feb-20,378.53,357.88,449.92,370.78,328,
18-Feb-20,378.53,357.88,449.92,370.78,335,445
19-Feb-20,378.53,357.88,449.92,370.78,341,452
20-Feb-20,378.53,357.88,449.92,370.78,339,449
21-Feb-20,378.53,357.88,449.92,370.78,342,452
24-Feb-20,378.53,357.88,449.92,370.78,333,445
25-Feb-20,378.53,357.88,449.92,370.78,331,442
26-Feb-20,378.53,357.88,449.92,370.78,323,433
27-Feb-20,378.53,357.88,449.92,370.78,314,422
28-Feb-20,378.53,357.88,449.92,370.78,311,423
02-Mar-20,383.08,363.51,444.96,374.53,302,406
03-Mar-20,383.08,363.51,444.96,374.53,300,405
04-Mar-20,383.08,363.51,444.96,374.53,296,399
05-Mar-20,383.08,363.51,444.96,374.53,293,396
06-Mar-20,383.08,363.51,444.96,374.53,277,384
09-Mar-20,383.08,363.51,444.96,374.53,260,373
10-Mar-20,383.08,363.51,444.96,374.53,268,374
11-Mar-20,383.08,363.51,444.96,374.53,267,369
12-Mar-20,383.08,363.51,444.96,374.53,265,358
13-Mar-20,383.08,363.51,444.96,374.53,270,363
16-Mar-20,383.08,363.51,444.96,374.53,257,349
17-Mar-20,383.08,363.51,444.96,374.53,258,349
18-Mar-20,383.08,363.51,444.96,374.53,257,346
19-Mar-20,383.08,363.51,444.96,374.53,263,347
20-Mar-20,383.08,363.51,444.96,374.53,272,356
23-Mar-20,383.08,363.51,444.96,374.53,266,357
24-Mar-20,383.08,363.51,444.96,374.53,263,360
25-Mar-20,383.08,363.51,444.96,374.53,263,364
26-Mar-20,383.08,363.51,444.96,374.53,269,358
27-Mar-20,383.08,363.51,444.96,374.53,269,354
30-Mar-20,383.08,363.51,444.96,374.53,273,345
31-Mar-20,383.08,363.51,444.96,374.53,272,340
01-Apr-20,384.25,371.17,450.75,379.38,263,332
02-Apr-20,384.25,371.17,450.75,379.38,262,338
03-Apr-20,384.25,371.17,450.75,379.38,262,341
06-Apr-20,384.25,371.17,450.75,379.38,256,344
07-Apr-20,384.25,371.17,450.75,379.38,252,341
08-Apr-20,384.25,371.17,450.75,379.38,262,341
09-Apr-20,384.25,371.17,450.75,379.38,271,342
10-Apr-20,384.25,371.17,450.75,379.38,,
13-Apr-20,384.25,371.17,450.75,379.38,,
14-Apr-20,384.25,371.17,450.75,379.38,265,332
15-Apr-20,384.25,371.17,450.75,379.38,264,336
16-Apr-20,384.25,371.17,450.75,379.38,260,336
17-Apr-20,384.25,371.17,450.75,379.38,263,341
20-Apr-20,384.25,371.17,450.75,379.38,253,334
21-Apr-20,384.25,371.17,450.75,379.38,247,328
22-Apr-20,384.25,371.17,450.75,379.38,249,329
23-Apr-20,384.25,371.17,450.75,379.38,249,332
24-Apr-20,384.25,371.17,450.75,379.38,244,329
27-Apr-20,384.25,371.17,450.75,379.38,233,317
28-Apr-20,384.25,371.17,450.75,379.38,237,319
29-Apr-20,384.25,371.17,450.75,379.38,246,328
30-Apr-20,384.25,371.17,450.75,379.38,259,341
01-May-20,386.25,363.44,452.87,375.39,,
04-May-20,386.25,363.44,452.87,375.39,263,340
05-May-20,386.25,363.44,452.87,375.39,280,350
06-May-20,386.25,363.44,452.87,375.39,269,340
07-May-20,386.25,363.44,452.87,375.39,273,342
08-May-20,386.25,363.44,452.87,375.39,,340
11-May-20,386.25,363.44,452.87,375.39,265,336
12-May-20,386.25,363.44,452.87,375.39,267,338
13-May-20,386.25,363.44,452.87,375.39,267,338
14-May-20,386.25,363.44,452.87,375.39,279,344
15-May-20,386.25,363.44,452.87,375.39,283,342
18-May-20,386.25,363.44,452.87,375.39,286,351
19-May-20,386.25,363.44,452.87,375.39,283,349
20-May-20,386.25,363.44,452.87,375.39,285,356
21-May-20,386.25,363.44,452.87,375.39,282,350
22-May-20,386.25,363.44,452.87,375.39,286,352
25-May-20,386.25,363.44,452.87,375.39,,
26-May-20,386.25,363.44,452.87,375.39,293,353
27-May-20,386.25,363.44,452.87,375.39,281,347
28-May-20,386.25,363.44,452.87,375.39,278,346
29-May-20,386.25,363.44,452.87,375.39,275,346
01-Jun-20,380.36,367.24,458.38,378.63,278,348
02-Jun-20,380.36,367.24,458.38,378.63,281,351
03-Jun-20,380.36,367.24,458.38,378.63,286,359
04-Jun-20,380.36,367.24,458.38,378.63,292,360
05-Jun-20,380.36,367.24,458.38,378.63,297,364
08-Jun-20,380.36,367.24,458.38,378.63,293,364
09-Jun-20,380.36,367.24,458.38,378.63,294,365
10-Jun-20,380.36,367.24,458.38,378.63,297,367
11-Jun-20,380.36,367.24,458.38,378.63,292,362
12-Jun-20,380.36,367.24,458.38,378.63,289,362
15-Jun-20,380.36,367.24,458.38,378.63,291,366
16-Jun-20,380.36,367.24,458.38,378.63,280,370
17-Jun-20,380.36,367.24,458.38,378.63,279,371
18-Jun-20,380.36,367.24,458.38,378.63,271,367
19-Jun-20,380.36,367.24,458.38,378.63,271,370
22-Jun-20,380.36,367.24,458.38,378.63,269,368
23-Jun-20,380.36,367.24,458.38,378.63,265,362
24-Jun-20,380.36,367.24,458.38,378.63,264,362
25-Jun-20,380.36,367.24,458.38,378.63,267,365
26-Jun-20,380.36,367.24,458.38,378.63,261,359
29-Jun-20,380.36,367.24,458.38,378.63,261,360
30-Jun-20,380.36,367.24,458.38,378.63,267,366
01-Jul-20,378.3,367.36,463.11,378.25,270,370
02-Jul-20,378.3,367.36,463.11,378.25,265,370
03-Jul-20,378.3,367.36,463.11,378.25,267,
06-Jul-20,378.3,367.36,463.11,378.25,260,362
07-Jul-20,378.3,367.36,463.11,378.25,263,368
08-Jul-20,378.3,367.36,463.11,378.25,261,366
09-Jul-20,378.3,367.36,463.11,378.25,256,360
10-Jul-20,378.3,367.36,463.11,378.25,254,360
13-Jul-20,378.3,367.36,463.11,378.25,252,355
14-Jul-20,378.3,367.36,463.11,378.25,247,349
15-Jul-20,378.3,367.36,463.11,378.25,256,358
16-Jul-20,378.3,367.36,463.11,378.25,255,358
17-Jul-20,378.3,367.36,463.11,378.25,258,356
20-Jul-20,378.3,367.36,463.11,378.25,256,355
21-Jul-20,378.3,367.36,463.11,378.25,260,355
22-Jul-20,378.3,367.36,463.11,378.25,260,355
23-Jul-20,378.3,367.36,463.11,378.25,259,354
24-Jul-20,378.3,367.36,463.11,378.25,252,347
27-Jul-20,378.3,367.36,463.11,378.25,261,356
28-Jul-20,378.3,367.36,463.11,378.25,260,355
29-Jul-20,378.3,367.36,463.11,378.25,261,355
30-Jul-20,378.3,367.36,463.11,378.25,264,357
31-Jul-20,378.3,367.36,463.11,378.25,272,365
03-Aug-20,382.52,365.33,464.81,378.37,270,369
04-Aug-20,382.52,365.33,464.81,378.37,268,369
05-Aug-20,382.52,365.33,464.81,378.37,261,362
06-Aug-20,382.52,365.33,464.81,378.37,269,370
07-Aug-20,382.52,365.33,464.81,378.37,265,366
10-Aug-20,382.52,365.33,464.81,378.37,265,365
11-Aug-20,382.52,365.33,464.81,378.37,266,368
12-Aug-20,382.52,365.33,464.81,378.37,269,370
13-Aug-20,382.52,365.33,464.81,378.37,272,374
14-Aug-20,382.52,365.33,464.81,378.37,273,374
17-Aug-20,382.52,365.33,464.81,378.37,270,373
18-Aug-20,382.52,365.33,464.81,378.37,264,368
19-Aug-20,382.52,365.33,464.81,378.37,268,374
20-Aug-20,382.52,365.33,464.81,378.37,268,372
21-Aug-20,382.52,365.33,464.81,378.37,265,370
24-Aug-20,382.52,365.33,464.81,378.37,261,366
25-Aug-20,382.52,365.33,464.81,378.37,257,368
26-Aug-20,382.52,365.33,464.81,378.37,255,365
27-Aug-20,382.52,365.33,464.81,378.37,257,368
28-Aug-20,382.52,365.33,464.81,378.37,252,362
31-Aug-20,382.52,365.33,464.81,378.37,,363
01-Sep-20,380.81,362.22,459.4,376.31,252,361
02-Sep-20,380.81,362.22,459.4,376.31,253,360
03-Sep-20,380.81,362.22,459.4,376.31,249,354
04-Sep-20,380.81,362.22,459.4,376.31,249,351
07-Sep-20,380.81,362.22,459.4,376.31,254,
08-Sep-20,380.81,362.22,459.4,376.31,256,354
09-Sep-20,380.81,362.22,459.4,376.31,254,354
10-Sep-20,380.81,362.22,459.4,376.31,249,350
11-Sep-20,380.81,362.22,459.4,376.31,251,351
14-Sep-20,380.81,362.22,459.4,376.31,245,347
15-Sep-20,380.81,362.22,459.4,376.31,245,353
16-Sep-20,380.81,362.22,459.4,376.31,252,358
17-Sep-20,380.81,362.22,459.4,376.31,262,365
18-Sep-20,380.81,362.22,459.4,376.31,264,367
21-Sep-20,380.81,362.22,459.4,376.31,261,364
22-Sep-20,380.81,362.22,459.4,376.31,267,372
23-Sep-20,380.81,362.22,459.4,376.31,267,372
24-Sep-20,380.81,362.22,459.4,376.31,271,373
25-Sep-20,380.81,362.22,459.4,376.31,274,376
28-Sep-20,380.81,362.22,459.4,376.31,264,368
29-Sep-20,380.81,362.22,459.4,376.31,268,375
30-Sep-20,380.81,362.22,459.4,376.31,271,376
01-Oct-20,378.69,370.95,450.81,381.06,269,385
02-Oct-20,378.69,370.95,450.81,381.06,269,385
05-Oct-20,378.69,370.95,450.81,381.06,267,385
06-Oct-20,378.69,370.95,450.81,381.06,271,390
07-Oct-20,378.69,370.95,450.81,381.06,276,395
08-Oct-20,378.69,370.95,450.81,381.06,278,396
09-Oct-20,378.69,370.95,450.81,381.06,276,396
12-Oct-20,378.69,370.95,450.81,381.06,274,389
13-Oct-20,378.69,370.95,450.81,381.06,278,392
14-Oct-20,378.69,370.95,450.81,381.06,279,397
15-Oct-20,378.69,370.95,450.81,381.06,282,398
16-Oct-20,378.69,370.95,450.81,381.06,287,402
19-Oct-20,378.69,370.95,450.81,381.06,292,406
20-Oct-20,378.69,370.95,450.81,381.06,286,402
21-Oct-20,378.69,370.95,450.81,381.06,282,400
22-Oct-20,378.69,370.95,450.81,381.06,288,406
23-Oct-20,378.69,370.95,450.81,381.06,284,404
26-Oct-20,378.69,370.95,450.81,381.06,286,406
27-Oct-20,378.69,370.95,450.81,381.06,286,407
28-Oct-20,378.69,370.95,450.81,381.06,288,411
29-Oct-20,378.69,370.95,450.81,381.06,280,402
30-Oct-20,378.69,370.95,450.81,381.06,284,401
02-Nov-20,383.73,369.08,449.9,379,295,415
03-Nov-20,383.73,369.08,449.9,379,289,408
04-Nov-20,383.73,369.08,449.9,379,284,407
05-Nov-20,383.73,369.08,449.9,379,279,400
06-Nov-20,383.73,369.08,449.9,379,287,408
09-Nov-20,383.73,369.08,449.9,379,287,407
10-Nov-20,383.73,369.08,449.9,379,288,405
11-Nov-20,383.73,369.08,449.9,379,288,402
12-Nov-20,383.73,369.08,449.9,379,295,410
13-Nov-20,383.73,369.08,449.9,379,299,410
16-Nov-20,383.73,369.08,449.9,379,306,420
17-Nov-20,383.73,369.08,449.9,379,299,415
18-Nov-20,383.73,369.08,449.9,379,301,418
19-Nov-20,383.73,369.08,449.9,379,300,416
20-Nov-20,383.73,369.08,449.9,379,298,414
23-Nov-20,383.73,369.08,449.9,379,296,411
24-Nov-20,383.73,369.08,449.9,379,294,410
25-Nov-20,383.73,369.08,449.9,379,287,404
26-Nov-20,383.73,369.08,449.9,379,290,
27-Nov-20,383.73,369.08,449.9,379,289,405
30-Nov-20,383.73,369.08,449.9,379,283,397
01-Dec-20,380.88,367.49,443.64,379.32,283,398
02-Dec-20,380.88,367.49,443.64,379.32,282,397
03-Dec-20,380.88,367.49,443.64,379.32,282,397
04-Dec-20,380.88,367.49,443.64,379.32,277,392
07-Dec-20,380.88,367.49,443.64,379.32,278,392
08-Dec-20,380.88,367.49,443.64,379.32,277,392
09-Dec-20,380.88,367.49,443.64,379.32,288,403
10-Dec-20,380.88,367.49,443.64,379.32,281,397
11-Dec-20,380.88,367.49,443.64,379.32,276,392
14-Dec-20,380.88,367.49,443.64,379.32,271,385
15-Dec-20,380.88,367.49,443.64,379.32,273,388
16-Dec-20,380.88,367.49,443.64,379.32,277,392
17-Dec-20,380.88,367.49,443.64,379.32,279,394
18-Dec-20,380.88,367.49,443.64,379.32,275,389
21-Dec-20,380.88,367.49,443.64,379.32,279,393
22-Dec-20,380.88,367.49,443.64,379.32,277,392
23-Dec-20,380.88,367.49,443.64,379.32,285,399
24-Dec-20,380.88,367.49,443.64,379.32,285,399
25-Dec-20,380.88,367.49,443.64,379.32,,
28-Dec-20,380.88,367.49,443.64,379.32,,400
29-Dec-20,380.88,367.49,443.64,379.32,286,400
30-Dec-20,380.88,367.49,443.64,379.32,291,404
31-Dec-20,380.88,367.49,443.64,379.32,293,408
01-Jan-21,385.97,377.89,443.23,388.03,,
04-Jan-21,385.97,377.89,443.23,388.03,300,413
05-Jan-21,385.97,377.89,443.23,388.03,306,420
06-Jan-21,385.97,377.89,443.23,388.03,309,421
07-Jan-21,385.97,377.89,443.23,388.03,303,410
08-Jan-21,385.97,377.89,443.23,388.03,305,411
11-Jan-21,385.97,377.89,443.23,388.03,310,415
12-Jan-21,385.97,377.89,443.23,388.03,309,411
13-Jan-21,385.97,377.89,443.23,388.03,317,418
14-Jan-21,385.97,377.89,443.23,388.03,333,434
15-Jan-21,385.97,377.89,443.23,388.03,331,430
18-Jan-21,385.97,377.89,443.23,388.03,338,
19-Jan-21,385.97,377.89,443.23,388.03,322,423
20-Jan-21,385.97,377.89,443.23,388.03,327,427
21-Jan-21,385.97,377.89,443.23,388.03,320,422
22-Jan-21,385.97,377.89,443.23,388.03,316,418
25-Jan-21,385.97,377.89,443.23,388.03,316,416
26-Jan-21,385.97,377.89,443.23,388.03,316,416
27-Jan-21,385.97,377.89,443.23,388.03,317,418
28-Jan-21,385.97,377.89,443.23,388.03,315,415
29-Jan-21,385.97,377.89,443.23,388.03,326,418
01-Feb-21,390.35,380.41,451.46,390.33,335,426
02-Feb-21,390.35,380.41,451.46,390.33,335,429
03-Feb-21,390.35,380.41,451.46,390.33,335,425
04-Feb-21,390.35,380.41,451.46,390.33,338,426
05-Feb-21,390.35,380.41,451.46,390.33,346,434
08-Feb-21,390.35,380.41,451.46,390.33,343,430
09-Feb-21,390.35,380.41,451.46,390.33,343,431
10-Feb-21,390.35,380.41,451.46,390.33,345,435
11-Feb-21,390.35,380.41,451.46,390.33,337,431
12-Feb-21,390.35,380.41,451.46,390.33,338,429
15-Feb-21,390.35,380.41,451.46,390.33,326,
16-Feb-21,390.35,380.41,451.46,390.33,326,435
17-Feb-21,390.35,380.41,451.46,390.33,334,442
18-Feb-21,390.35,380.41,451.46,390.33,342,451
19-Feb-21,390.35,380.41,451.46,390.33,347,455
22-Feb-21,390.35,380.41,451.46,390.33,353,474
23-Feb-21,390.35,380.41,451.46,390.33,344,467
24-Feb-21,390.35,380.41,451.46,390.33,346,462
25-Feb-21,390.35,380.41,451.46,390.33,333,453
26-Feb-21,390.35,380.41,451.46,390.33,325,451
01-Mar-21,386.34,387.5,447.82,394.23,330,428
02-Mar-21,386.34,387.5,447.82,394.23,337,432
03-Mar-21,386.34,387.5,447.82,394.23,330,426
04-Mar-21,386.34,387.5,447.82,394.23,334,429
05-Mar-21,386.34,387.5,447.82,394.23,338,434
08-Mar-21,386.34,387.5,447.82,394.23,338,433
09-Mar-21,386.34,387.5,447.82,394.23,331,426
10-Mar-21,386.34,387.5,447.82,394.23,331,427
11-Mar-21,386.34,387.5,447.82,394.23,337,433
12-Mar-21,386.34,387.5,447.82,394.23,335,429
15-Mar-21,386.34,387.5,447.82,394.23,335,430
16-Mar-21,386.34,387.5,447.82,394.23,339,433
17-Mar-21,386.34,387.5,447.82,394.23,335,427
18-Mar-21,386.34,387.5,447.82,394.23,333,425
19-Mar-21,386.34,387.5,447.82,394.23,331,423
22-Mar-21,386.34,387.5,447.82,394.23,327,418
23-Mar-21,386.34,387.5,447.82,394.23,321,417
24-Mar-21,386.34,387.5,447.82,394.23,331,423
25-Mar-21,386.34,387.5,447.82,394.23,322,413
26-Mar-21,386.34,387.5,447.82,394.23,321,415
29-Mar-21,386.34,387.5,447.82,394.23,316,410
30-Mar-21,386.34,387.5,447.82,394.23,316,411
31-Mar-21,386.34,387.5,447.82,394.23,308,409
01-Apr-21,388.99,387.15,452.09,394.82,310,407
02-Apr-21,388.99,387.15,452.09,394.82,,
05-Apr-21,388.99,387.15,452.09,394.82,,
06-Apr-21,388.99,387.15,452.09,394.82,312,414
07-Apr-21,388.99,387.15,452.09,394.82,307,412
08-Apr-21,388.99,387.15,452.09,394.82,308,413
09-Apr-21,388.99,387.15,452.09,394.82,305,418
12-Apr-21,388.99,387.15,452.09,394.82,303,415
13-Apr-21,388.99,387.15,452.09,394.82,307,417
14-Apr-21,388.99,387.15,452.09,394.82,319,423
15-Apr-21,388.99,387.15,452.09,394.82,331,433
16-Apr-21,388.99,387.15,452.09,394.82,337,439
19-Apr-21,388.99,387.15,452.09,394.82,327,430
20-Apr-21,388.99,387.15,452.09,394.82,333,438
21-Apr-21,388.99,387.15,452.09,394.82,336,443
22-Apr-21,388.99,387.15,452.09,394.82,334,441
23-Apr-21,388.99,387.15,452.09,394.82,332,441
26-Apr-21,388.99,387.15,452.09,394.82,335,445
27-Apr-21,388.99,387.15,452.09,394.82,347,459
28-Apr-21,388.99,387.15,452.09,394.82,333,448
29-Apr-21,388.99,387.15,452.09,394.82,324,442
30-Apr-21,388.99,387.15,452.09,394.82,321,450
03-May-21,389.74,387.35,452.63,396.23,,438
04-May-21,389.74,387.35,452.63,396.23,324,446
05-May-21,389.74,387.35,452.63,396.23,334,454
06-May-21,389.74,387.35,452.63,396.23,334,453
07-May-21,389.74,387.35,452.63,396.23,335,452
10-May-21,389.74,387.35,452.63,396.23,333,448
11-May-21,389.74,387.35,452.63,396.23,345,460
12-May-21,389.74,387.35,452.63,396.23,339,457
13-May-21,389.74,387.35,452.63,396.23,327,444
14-May-21,389.74,387.35,452.63,396.23,324,440
17-May-21,389.74,387.35,452.63,396.23,323,440
18-May-21,389.74,387.35,452.63,396.23,324,442
19-May-21,389.74,387.35,452.63,396.23,321,437
20-May-21,389.74,387.35,452.63,396.23,322,439
21-May-21,389.74,387.35,452.63,396.23,317,433
24-May-21,389.74,387.35,452.63,396.23,318,435
25-May-21,389.74,387.35,452.63,396.23,322,437
26-May-21,389.74,387.35,452.63,396.23,318,434
27-May-21,389.74,387.35,452.63,396.23,325,441
28-May-21,389.74,387.35,452.63,396.23,329,447
31-May-21,389.74,387.35,452.63,396.23,,
01-Jun-21,391.86,388.53,454.88,396.67,330,451
02-Jun-21,391.86,388.53,454.88,396.67,331,452
03-Jun-21,391.86,388.53,454.88,396.67,327,447
04-Jun-21,391.86,388.53,454.88,396.67,335,454
07-Jun-21,391.86,388.53,454.88,396.67,328,447
08-Jun-21,391.86,388.53,454.88,396.67,332,452
09-Jun-21,391.86,388.53,454.88,396.67,330,452
10-Jun-21,391.86,388.53,454.88,396.67,324,452
11-Jun-21,391.86,388.53,454.88,396.67,322,451
14-Jun-21,391.86,388.53,454.88,396.67,320,446
15-Jun-21,391.86,388.53,454.88,396.67,314,442
16-Jun-21,391.86,388.53,454.88,396.67,310,441
17-Jun-21,391.86,388.53,454.88,396.67,306,437
18-Jun-21,391.86,388.53,454.88,396.67,306,436
21-Jun-21,391.86,388.53,454.88,396.67,308,443
22-Jun-21,391.86,388.53,454.88,396.67,302,436
23-Jun-21,391.86,388.53,454.88,396.67,304,440
24-Jun-21,391.86,388.53,454.88,396.67,308,445
25-Jun-21,391.86,388.53,454.88,396.67,308,444
28-Jun-21,391.86,388.53,454.88,396.67,314,451
29-Jun-21,391.86,388.53,454.88,396.67,314,452
30-Jun-21,391.86,388.53,454.88,396.67,327,460
01-Jul-21,391.3,391.7,459.3,399.88,329,465
02-Jul-21,391.3,391.7,459.3,399.88,331,471
05-Jul-21,391.3,391.7,459.3,399.88,330,
06-Jul-21,391.3,391.7,459.3,399.88,325,466
07-Jul-21,391.3,391.7,459.3,399.88,321,463
08-Jul-21,391.3,391.7,459.3,399.88,316,457
09-Jul-21,391.3,391.7,459.3,399.88,309,454
12-Jul-21,391.3,391.7,459.3,399.88,306,448
13-Jul-21,391.3,391.7,459.3,399.88,308,450
14-Jul-21,391.3,391.7,459.3,399.88,310,448
15-Jul-21,391.3,391.7,459.3,399.88,319,456
16-Jul-21,391.3,391.7,459.3,399.88,326,464
19-Jul-21,391.3,391.7,459.3,399.88,327,452
20-Jul-21,391.3,391.7,459.3,399.88,332,459
21-Jul-21,391.3,391.7,459.3,399.88,333,464
22-Jul-21,391.3,391.7,459.3,399.88,330,463
23-Jul-21,391.3,391.7,459.3,399.88,339,474
26-Jul-21,391.3,391.7,459.3,399.88,337,478
27-Jul-21,391.3,391.7,459.3,399.88,335,476
28-Jul-21,391.3,391.7,459.3,399.88,338,481
29-Jul-21,391.3,391.7,459.3,399.88,330,473
30-Jul-21,391.3,391.7,459.3,399.88,325,465
02-Aug-21,393.95,393.35,461.76,402.42,326,466
03-Aug-21,393.95,393.35,461.76,402.42,328,466
04-Aug-21,393.95,393.35,461.76,402.42,327,466
05-Aug-21,393.95,393.35,461.76,402.42,340,480
06-Aug-21,393.95,393.35,461.76,402.42,339,482
09-Aug-21,393.95,393.35,461.76,402.42,333,480
10-Aug-21,393.95,393.35,461.76,402.42,349,503
11-Aug-21,393.95,393.35,461.76,402.42,352,500
12-Aug-21,393.95,393.35,461.76,402.42,356,501
13-Aug-21,393.95,393.35,461.76,402.42,367,508
16-Aug-21,393.95,393.35,461.76,402.42,372,509
17-Aug-21,393.95,393.35,461.76,402.42,376,509
18-Aug-21,393.95,393.35,461.76,402.42,380,514
19-Aug-21,393.95,393.35,461.76,402.42,373,507
20-Aug-21,393.95,393.35,461.76,402.42,364,504
23-Aug-21,393.95,393.35,461.76,402.42,359,503
24-Aug-21,393.95,393.35,461.76,402.42,357,502
25-Aug-21,393.95,393.35,461.76,402.42,358,505
26-Aug-21,393.95,393.35,461.76,402.42,356,503
27-Aug-21,393.95,393.35,461.76,402.42,364,510
30-Aug-21,393.95,393.35,461.76,402.42,,512
31-Aug-21,393.95,393.35,461.76,402.42,358,504
01-Sep-21,395.81,399.33,468.64,408.08,359,501
02-Sep-21,395.81,399.33,468.64,408.08,363,504
03-Sep-21,395.81,399.33,468.64,408.08,359,498
06-Sep-21,395.81,399.33,468.64,408.08,360,
07-Sep-21,395.81,399.33,468.64,408.08,357,496
08-Sep-21,395.81,399.33,468.64,408.08,357,497
09-Sep-21,395.81,399.33,468.64,408.08,351,492
10-Sep-21,395.81,399.33,468.64,408.08,342,483
13-Sep-21,395.81,399.33,468.64,408.08,361,489
14-Sep-21,395.81,399.33,468.64,408.08,370,487
15-Sep-21,395.81,399.33,468.64,408.08,383,498
16-Sep-21,395.81,399.33,468.64,408.08,386,499
17-Sep-21,395.81,399.33,468.64,408.08,379,493
20-Sep-21,395.81,399.33,468.64,408.08,375,489
21-Sep-21,395.81,399.33,468.64,408.08,377,490
22-Sep-21,395.81,399.33,468.64,408.08,383,497
23-Sep-21,395.81,399.33,468.64,408.08,388,501
24-Sep-21,395.81,399.33,468.64,408.08,380,493
27-Sep-21,395.81,399.33,468.64,408.08,379,487
28-Sep-21,395.81,399.33,468.64,408.08,387,492
29-Sep-21,395.81,399.33,468.64,408.08,383,492
30-Sep-21,395.81,399.33,468.64,408.08,393,512
01-Oct-21,400.97,410.97,478.79,416.37,390,516
04-Oct-21,400.97,410.97,478.79,416.37,382,508
05-Oct-21,400.97,410.97,478.79,416.37,387,512
06-Oct-21,400.97,410.97,478.79,416.37,391,513
07-Oct-21,400.97,410.97,478.79,416.37,392,513
08-Oct-21,400.97,410.97,478.79,416.37,399,522
11-Oct-21,400.97,410.97,478.79,416.37,401,522
12-Oct-21,400.97,410.97,478.79,416.37,397,518
13-Oct-21,400.97,410.97,478.79,416.37,395,514
14-Oct-21,400.97,410.97,478.79,416.37,392,507
15-Oct-21,400.97,410.97,478.79,416.37,398,511
18-Oct-21,400.97,410.97,478.79,416.37,387,502
19-Oct-21,400.97,410.97,478.79,416.37,379,491
20-Oct-21,400.97,410.97,478.79,416.37,382,494
21-Oct-21,400.97,410.97,478.79,416.37,380,493
22-Oct-21,400.97,410.97,478.79,416.37,380,496
25-Oct-21,400.97,410.97,478.79,416.37,386,503
26-Oct-21,400.97,410.97,478.79,416.37,390,508
27-Oct-21,400.97,410.97,478.79,416.37,396,508
28-Oct-21,400.97,410.97,478.79,416.37,395,508
29-Oct-21,400.97,410.97,478.79,416.37,387,499
01-Nov-21,405.74,404.82,495.86,413.84,392,503
02-Nov-21,405.74,404.82,495.86,413.84,389,506
03-Nov-21,405.74,404.82,495.86,413.84,387,504
04-Nov-21,405.74,404.82,495.86,413.84,388,509
05-Nov-21,405.74,404.82,495.86,413.84,391,517
08-Nov-21,405.74,404.82,495.86,413.84,394,514
09-Nov-21,405.74,404.82,495.86,413.84,394,514
10-Nov-21,405.74,404.82,495.86,413.84,389,509
11-Nov-21,405.74,404.82,495.86,413.84,406,522
12-Nov-21,405.74,404.82,495.86,413.84,411,521
15-Nov-21,405.74,404.82,495.86,413.84,408,515
16-Nov-21,405.74,404.82,495.86,413.84,402,523
17-Nov-21,405.74,404.82,495.86,413.84,414,534
18-Nov-21,405.74,404.82,495.86,413.84,405,528
19-Nov-21,405.74,404.82,495.86,413.84,405,527
22-Nov-21,405.74,404.82,495.86,413.84,400,522
23-Nov-21,405.74,404.82,495.86,413.84,410,530
24-Nov-21,405.74,404.82,495.86,413.84,406,528
25-Nov-21,405.74,404.82,495.86,413.84,405,
26-Nov-21,405.74,404.82,495.86,413.84,394,513
29-Nov-21,405.74,404.82,495.86,413.84,391,510
30-Nov-21,405.74,404.82,495.86,413.84,377,496
01-Dec-21,409.04,411.19,512.32,420.88,378,497
02-Dec-21,409.04,411.19,512.32,420.88,377,497
03-Dec-21,409.04,411.19,512.32,420.88,381,501
06-Dec-21,409.04,411.19,512.32,420.88,390,509
07-Dec-21,409.04,411.19,512.32,420.88,399,517
08-Dec-21,409.04,411.19,512.32,420.88,405,522
09-Dec-21,409.04,411.19,512.32,420.88,402,519
10-Dec-21,409.04,411.19,512.32,420.88,404,521
13-Dec-21,409.04,411.19,512.32,420.88,402,520
14-Dec-21,409.04,411.19,512.32,420.88,402,519
15-Dec-21,409.04,411.19,512.32,420.88,397,513
16-Dec-21,409.04,411.19,512.32,420.88,395,513
17-Dec-21,409.04,411.19,512.32,420.88,390,507
20-Dec-21,409.04,411.19,512.32,420.88,383,498
21-Dec-21,409.04,411.19,512.32,420.88,386,501
22-Dec-21,409.04,411.19,512.32,420.88,395,511
23-Dec-21,409.04,411.19,512.32,420.88,395,510
24-Dec-21,409.04,411.19,512.32,420.88,395,
27-Dec-21,409.04,411.19,512.32,420.88,395,510
28-Dec-21,409.04,411.19,512.32,420.88,390,504
29-Dec-21,409.04,411.19,512.32,420.88,393,508
30-Dec-21,409.04,411.19,512.32,420.88,386,500
31-Dec-21,409.04,411.19,512.32,420.88,389,502
03-Jan-22,426.03,422.76,512.42,432.79,388,499
04-Jan-22,426.03,422.76,512.42,432.79,389,501
05-Jan-22,426.03,422.76,512.42,432.79,381,492
06-Jan-22,426.03,422.76,512.42,432.79,380,489
07-Jan-22,426.03,422.76,512.42,432.79,380,487
10-Jan-22,426.03,422.76,512.42,432.79,375,482
11-Jan-22,426.03,422.76,512.42,432.79,382,487
12-Jan-22,426.03,422.76,512.42,432.79,393,490
13-Jan-22,426.03,422.76,512.42,432.79,384,482
14-Jan-22,426.03,422.76,512.42,432.79,389,487
17-Jan-22,426.03,422.76,512.42,432.79,396,
18-Jan-22,426.03,422.76,512.42,432.79,398,497
19-Jan-22,426.03,422.76,512.42,432.79,400,506
20-Jan-22,426.03,422.76,512.42,432.79,397,503
21-Jan-22,426.03,422.76,512.42,432.79,395,502
24-Jan-22,426.03,422.76,512.42,432.79,396,502
25-Jan-22,426.03,422.76,512.42,432.79,397,502
26-Jan-22,426.03,422.76,512.42,432.79,393,496
27-Jan-22,426.03,422.76,512.42,432.79,398,499
28-Jan-22,426.03,422.76,512.42,432.79,395,495
31-Jan-22,426.03,422.76,512.42,432.79,391,495
01-Feb-22,433.56,429.36,526.05,440.26,394,497
02-Feb-22,433.56,429.36,526.05,440.26,382,483
03-Feb-22,433.56,429.36,526.05,440.26,386,486
04-Feb-22,433.56,429.36,526.05,440.26,385,485
07-Feb-22,433.56,429.36,526.05,440.26,381,482
08-Feb-22,433.56,429.36,526.05,440.26,388,484
09-Feb-22,433.56,429.36,526.05,440.26,390,491
10-Feb-22,433.56,429.36,526.05,440.26,396,487
11-Feb-22,433.56,429.36,526.05,440.26,389,487
14-Feb-22,433.56,429.36,526.05,440.26,376,487
15-Feb-22,433.56,429.36,526.05,440.26,373,485
16-Feb-22,433.56,429.36,526.05,440.26,374,485
17-Feb-22,433.56,429.36,526.05,440.26,378,489
18-Feb-22,433.56,429.36,526.05,440.26,377,488
21-Feb-22,433.56,429.36,526.05,440.26,379,
22-Feb-22,433.56,429.36,526.05,440.26,386,494
23-Feb-22,433.56,429.36,526.05,440.26,387,495
24-Feb-22,433.56,429.36,526.05,440.26,397,497
25-Feb-22,433.56,429.36,526.05,440.26,389,488
28-Feb-22,433.56,429.36,526.05,440.26,393,489
01-Mar-22,428.45,436.01,521.51,442.84,406,497
02-Mar-22,428.45,436.01,521.51,442.84,414,505
03-Mar-22,428.45,436.01,521.51,442.84,421,513
04-Mar-22,428.45,436.01,521.51,442.84,437,527
07-Mar-22,428.45,436.01,521.51,442.84,439,527
08-Mar-22,428.45,436.01,521.51,442.84,442,530
09-Mar-22,428.45,436.01,521.51,442.84,429,516
10-Mar-22,428.45,436.01,521.51,442.84,426,516
11-Mar-22,428.45,436.01,521.51,442.84,432,522
14-Mar-22,428.45,436.01,521.51,442.84,433,521
15-Mar-22,428.45,436.01,521.51,442.84,426,512
16-Mar-22,428.45,436.01,521.51,442.84,425,508
17-Mar-22,428.45,436.01,521.51,442.84,426,509
18-Mar-22,428.45,436.01,521.51,442.84,437,515
21-Mar-22,428.45,436.01,521.51,442.84,448,521
22-Mar-22,428.45,436.01,521.51,442.84,446,519
23-Mar-22,428.45,436.01,521.51,442.84,449,522
24-Mar-22,428.45,436.01,521.51,442.84,452,523
25-Mar-22,428.45,436.01,521.51,442.84,461,529
28-Mar-22,428.45,436.01,521.51,442.84,456,530
29-Mar-22,428.45,436.01,521.51,442.84,438,516
30-Mar-22,428.45,436.01,521.51,442.84,433,522
31-Mar-22,428.45,436.01,521.51,442.84,438,523
01-Apr-22,440,436,526,446,437,523
04-Apr-22,440,436,526,446,441,529
05-Apr-22,440,436,526,446,446,532
06-Apr-22,440,436,526,446,449,532
07-Apr-22,440,436,526,446,453,538
08-Apr-22,440,436,526,446,466,552
11-Apr-22,440,436,526,446,463,548
12-Apr-22,440,436,526,446,469,548
13-Apr-22,440,436,526,446,482,547
14-Apr-22,440,436,526,446,473,544
15-Apr-22,440,436,526,446,,
18-Apr-22,440,436,526,446,,
19-Apr-22,440,436,526,446,448,540
20-Apr-22,440,436,526,446,446,536
21-Apr-22,440,436,526,446,447,539
22-Apr-22,440,436,526,446,440,529
25-Apr-22,440,436,526,446,435,526
26-Apr-22,440,436,526,446,438,529
27-Apr-22,440,436,526,446,445,534
28-Apr-22,440,436,526,446,453,546
29-Apr-22,440,436,526,446,452,543
02-May-22,442,438,548,452,453,532
03-May-22,442,438,548,452,442,526
04-May-22,442,438,548,452,441,527
05-May-22,442,438,548,452,444,529
06-May-22,442,438,548,452,453,537
09-May-22,442,438,548,452,444,527
10-May-22,442,438,548,452,441,525
11-May-22,442,438,548,452,438,525
12-May-22,442,438,548,452,450,533
13-May-22,442,438,548,452,466,545
16-May-22,442,438,548,452,477,555
17-May-22,442,438,548,452,476,557
18-May-22,442,438,548,452,476,554
19-May-22,442,438,548,452,474,552
20-May-22,442,438,548,452,478,554
23-May-22,442,438,548,452,468,547
24-May-22,442,438,548,452,469,544
25-May-22,442,438,548,452,479,545
26-May-22,442,438,548,452,479,540
27-May-22,442,438,548,452,480,541
30-May-22,442,438,548,452,484,
31-May-22,442,438,548,452,484,537
01-Jun-22,,,,,490,537
02-Jun-22,,,,,491,536
03-Jun-22,,,,,489,534
06-Jun-22,,,,,504,539
07-Jun-22,,,,,478,529
08-Jun-22,,,,,475,527
09-Jun-22,,,,,489,533
10-Jun-22,,,,,483,531
13-Jun-22,,,,,491,532
14-Jun-22,,,,,494,532
15-Jun-22,,,,,488,528
16-Jun-22,,,,,487,532
17-Jun-22,,,,,485,529
20-Jun-22,,,,,488,
21-Jun-22,,,,,480,527
22-Jun-22,,,,,476,524
23-Jun-22,,,,,475,524
24-Jun-22,,,,,467,522
27-Jun-22,,,,,462,519
28-Jun-22,,,,,473,524
29-Jun-22,,,,,477,526
30-Jun-22,,,,,486,538
01-Jul-22,,,,,477,519
04-Jul-22,,,,,479,
05-Jul-22,,,,,483,519
06-Jul-22,,,,,496,528
07-Jul-22,,,,,495,540
08-Jul-22,,,,,510,552
11-Jul-22,,,,,516,551
12-Jul-22,,,,,526,550
13-Jul-22,,,,,534,559
14-Jul-22,,,,,545,558
15-Jul-22,,,,,545,562
18-Jul-22,,,,,497,562
19-Jul-22,,,,,477,544
20-Jul-22,,,,,475,542
21-Jul-22,,,,,472,535
22-Jul-22,,,,,464,525
