PERIOD,MKTG_YR,YEAR,MONTH_NUMBER,PeriodStart,PeriodEnd,MonthGraph,MONTH_NAME,MONTH_MKTG_YR_NUM,MKTG_YR_NUM,QUARTER_NO,QUARTER_OFFSET,QUARTER_YEAR,PERIOD_NO
196001,1959/60,1960,1,01-Jan-60,31-Jan-60,Jan-60,Jan,4,59,1,-258,Q1 - 1960,1
196002,1959/60,1960,2,01-Feb-60,29-Feb-60,Feb-60,Feb,5,59,1,-258,Q1 - 1960,2
196003,1959/60,1960,3,01-Mar-60,31-Mar-60,Mar-60,Mar,6,59,1,-258,Q1 - 1960,3
196004,1959/60,1960,4,01-Apr-60,30-Apr-60,Apr-60,Apr,7,59,2,-257,Q2 - 1960,4
196005,1959/60,1960,5,01-May-60,31-May-60,May-60,May,8,59,2,-257,Q2 - 1960,5
196006,1959/60,1960,6,01-Jun-60,30-Jun-60,Jun-60,Jun,9,59,2,-257,Q2 - 1960,6
196007,1960/61,1960,7,01-Jul-60,31-Jul-60,Jul-60,Jul,10,60,3,-256,Q3 - 1960,7
196008,1960/61,1960,8,01-Aug-60,31-Aug-60,Aug-60,Aug,11,60,3,-256,Q3 - 1960,8
196009,1960/61,1960,9,01-Sep-60,30-Sep-60,Sep-60,Sep,12,60,3,-256,Q3 - 1960,9
196010,1960/61,1960,10,01-Oct-60,31-Oct-60,Oct-60,Oct,1,60,4,-255,Q4 - 1960,10
196011,1960/61,1960,11,01-Nov-60,30-Nov-60,Nov-60,Nov,2,60,4,-255,Q4 - 1960,11
196012,1960/61,1960,12,01-Dec-60,31-Dec-60,Dec-60,Dec,3,60,4,-255,Q4 - 1960,12
196101,1960/61,1961,1,01-Jan-61,31-Jan-61,Jan-61,Jan,4,60,1,-254,Q1 - 1961,13
196102,1960/61,1961,2,01-Feb-61,28-Feb-61,Feb-61,Feb,5,60,1,-254,Q1 - 1961,14
196103,1960/61,1961,3,01-Mar-61,31-Mar-61,Mar-61,Mar,6,60,1,-254,Q1 - 1961,15
196104,1960/61,1961,4,01-Apr-61,30-Apr-61,Apr-61,Apr,7,60,2,-253,Q2 - 1961,16
196105,1960/61,1961,5,01-May-61,31-May-61,May-61,May,8,60,2,-253,Q2 - 1961,17
196106,1960/61,1961,6,01-Jun-61,30-Jun-61,Jun-61,Jun,9,60,2,-253,Q2 - 1961,18
196107,1961/62,1961,7,01-Jul-61,31-Jul-61,Jul-61,Jul,10,61,3,-252,Q3 - 1961,19
196108,1961/62,1961,8,01-Aug-61,31-Aug-61,Aug-61,Aug,11,61,3,-252,Q3 - 1961,20
196109,1961/62,1961,9,01-Sep-61,30-Sep-61,Sep-61,Sep,12,61,3,-252,Q3 - 1961,21
196110,1961/62,1961,10,01-Oct-61,31-Oct-61,Oct-61,Oct,1,61,4,-251,Q4 - 1961,22
196111,1961/62,1961,11,01-Nov-61,30-Nov-61,Nov-61,Nov,2,61,4,-251,Q4 - 1961,23
196112,1961/62,1961,12,01-Dec-61,31-Dec-61,Dec-61,Dec,3,61,4,-251,Q4 - 1961,24
196201,1961/62,1962,1,01-Jan-62,31-Jan-62,Jan-62,Jan,4,61,1,-250,Q1 - 1962,25
196202,1961/62,1962,2,01-Feb-62,28-Feb-62,Feb-62,Feb,5,61,1,-250,Q1 - 1962,26
196203,1961/62,1962,3,01-Mar-62,31-Mar-62,Mar-62,Mar,6,61,1,-250,Q1 - 1962,27
196204,1961/62,1962,4,01-Apr-62,30-Apr-62,Apr-62,Apr,7,61,2,-249,Q2 - 1962,28
196205,1961/62,1962,5,01-May-62,31-May-62,May-62,May,8,61,2,-249,Q2 - 1962,29
196206,1961/62,1962,6,01-Jun-62,30-Jun-62,Jun-62,Jun,9,61,2,-249,Q2 - 1962,30
196207,1962/63,1962,7,01-Jul-62,31-Jul-62,Jul-62,Jul,10,62,3,-248,Q3 - 1962,31
196208,1962/63,1962,8,01-Aug-62,31-Aug-62,Aug-62,Aug,11,62,3,-248,Q3 - 1962,32
196209,1962/63,1962,9,01-Sep-62,30-Sep-62,Sep-62,Sep,12,62,3,-248,Q3 - 1962,33
196210,1962/63,1962,10,01-Oct-62,31-Oct-62,Oct-62,Oct,1,62,4,-247,Q4 - 1962,34
196211,1962/63,1962,11,01-Nov-62,30-Nov-62,Nov-62,Nov,2,62,4,-247,Q4 - 1962,35
196212,1962/63,1962,12,01-Dec-62,31-Dec-62,Dec-62,Dec,3,62,4,-247,Q4 - 1962,36
196301,1962/63,1963,1,01-Jan-63,31-Jan-63,Jan-63,Jan,4,62,1,-246,Q1 - 1963,37
196302,1962/63,1963,2,01-Feb-63,28-Feb-63,Feb-63,Feb,5,62,1,-246,Q1 - 1963,38
196303,1962/63,1963,3,01-Mar-63,31-Mar-63,Mar-63,Mar,6,62,1,-246,Q1 - 1963,39
196304,1962/63,1963,4,01-Apr-63,30-Apr-63,Apr-63,Apr,7,62,2,-245,Q2 - 1963,40
196305,1962/63,1963,5,01-May-63,31-May-63,May-63,May,8,62,2,-245,Q2 - 1963,41
196306,1962/63,1963,6,01-Jun-63,30-Jun-63,Jun-63,Jun,9,62,2,-245,Q2 - 1963,42
196307,1963/64,1963,7,01-Jul-63,31-Jul-63,Jul-63,Jul,10,63,3,-244,Q3 - 1963,43
196308,1963/64,1963,8,01-Aug-63,31-Aug-63,Aug-63,Aug,11,63,3,-244,Q3 - 1963,44
196309,1963/64,1963,9,01-Sep-63,30-Sep-63,Sep-63,Sep,12,63,3,-244,Q3 - 1963,45
196310,1963/64,1963,10,01-Oct-63,31-Oct-63,Oct-63,Oct,1,63,4,-243,Q4 - 1963,46
196311,1963/64,1963,11,01-Nov-63,30-Nov-63,Nov-63,Nov,2,63,4,-243,Q4 - 1963,47
196312,1963/64,1963,12,01-Dec-63,31-Dec-63,Dec-63,Dec,3,63,4,-243,Q4 - 1963,48
196401,1963/64,1964,1,01-Jan-64,31-Jan-64,Jan-64,Jan,4,63,1,-242,Q1 - 1964,49
196402,1963/64,1964,2,01-Feb-64,29-Feb-64,Feb-64,Feb,5,63,1,-242,Q1 - 1964,50
196403,1963/64,1964,3,01-Mar-64,31-Mar-64,Mar-64,Mar,6,63,1,-242,Q1 - 1964,51
196404,1963/64,1964,4,01-Apr-64,30-Apr-64,Apr-64,Apr,7,63,2,-241,Q2 - 1964,52
196405,1963/64,1964,5,01-May-64,31-May-64,May-64,May,8,63,2,-241,Q2 - 1964,53
196406,1963/64,1964,6,01-Jun-64,30-Jun-64,Jun-64,Jun,9,63,2,-241,Q2 - 1964,54
196407,1964/65,1964,7,01-Jul-64,31-Jul-64,Jul-64,Jul,10,64,3,-240,Q3 - 1964,55
196408,1964/65,1964,8,01-Aug-64,31-Aug-64,Aug-64,Aug,11,64,3,-240,Q3 - 1964,56
196409,1964/65,1964,9,01-Sep-64,30-Sep-64,Sep-64,Sep,12,64,3,-240,Q3 - 1964,57
196410,1964/65,1964,10,01-Oct-64,31-Oct-64,Oct-64,Oct,1,64,4,-239,Q4 - 1964,58
196411,1964/65,1964,11,01-Nov-64,30-Nov-64,Nov-64,Nov,2,64,4,-239,Q4 - 1964,59
196412,1964/65,1964,12,01-Dec-64,31-Dec-64,Dec-64,Dec,3,64,4,-239,Q4 - 1964,60
196501,1964/65,1965,1,01-Jan-65,31-Jan-65,Jan-65,Jan,4,64,1,-238,Q1 - 1965,61
196502,1964/65,1965,2,01-Feb-65,28-Feb-65,Feb-65,Feb,5,64,1,-238,Q1 - 1965,62
196503,1964/65,1965,3,01-Mar-65,31-Mar-65,Mar-65,Mar,6,64,1,-238,Q1 - 1965,63
196504,1964/65,1965,4,01-Apr-65,30-Apr-65,Apr-65,Apr,7,64,2,-237,Q2 - 1965,64
196505,1964/65,1965,5,01-May-65,31-May-65,May-65,May,8,64,2,-237,Q2 - 1965,65
196506,1964/65,1965,6,01-Jun-65,30-Jun-65,Jun-65,Jun,9,64,2,-237,Q2 - 1965,66
196507,1965/66,1965,7,01-Jul-65,31-Jul-65,Jul-65,Jul,10,65,3,-236,Q3 - 1965,67
196508,1965/66,1965,8,01-Aug-65,31-Aug-65,Aug-65,Aug,11,65,3,-236,Q3 - 1965,68
196509,1965/66,1965,9,01-Sep-65,30-Sep-65,Sep-65,Sep,12,65,3,-236,Q3 - 1965,69
196510,1965/66,1965,10,01-Oct-65,31-Oct-65,Oct-65,Oct,1,65,4,-235,Q4 - 1965,70
196511,1965/66,1965,11,01-Nov-65,30-Nov-65,Nov-65,Nov,2,65,4,-235,Q4 - 1965,71
196512,1965/66,1965,12,01-Dec-65,31-Dec-65,Dec-65,Dec,3,65,4,-235,Q4 - 1965,72
196601,1965/66,1966,1,01-Jan-66,31-Jan-66,Jan-66,Jan,4,65,1,-234,Q1 - 1966,73
196602,1965/66,1966,2,01-Feb-66,28-Feb-66,Feb-66,Feb,5,65,1,-234,Q1 - 1966,74
196603,1965/66,1966,3,01-Mar-66,31-Mar-66,Mar-66,Mar,6,65,1,-234,Q1 - 1966,75
196604,1965/66,1966,4,01-Apr-66,30-Apr-66,Apr-66,Apr,7,65,2,-233,Q2 - 1966,76
196605,1965/66,1966,5,01-May-66,31-May-66,May-66,May,8,65,2,-233,Q2 - 1966,77
196606,1965/66,1966,6,01-Jun-66,30-Jun-66,Jun-66,Jun,9,65,2,-233,Q2 - 1966,78
196607,1966/67,1966,7,01-Jul-66,31-Jul-66,Jul-66,Jul,10,66,3,-232,Q3 - 1966,79
196608,1966/67,1966,8,01-Aug-66,31-Aug-66,Aug-66,Aug,11,66,3,-232,Q3 - 1966,80
196609,1966/67,1966,9,01-Sep-66,30-Sep-66,Sep-66,Sep,12,66,3,-232,Q3 - 1966,81
196610,1966/67,1966,10,01-Oct-66,31-Oct-66,Oct-66,Oct,1,66,4,-231,Q4 - 1966,82
196611,1966/67,1966,11,01-Nov-66,30-Nov-66,Nov-66,Nov,2,66,4,-231,Q4 - 1966,83
196612,1966/67,1966,12,01-Dec-66,31-Dec-66,Dec-66,Dec,3,66,4,-231,Q4 - 1966,84
196701,1966/67,1967,1,01-Jan-67,31-Jan-67,Jan-67,Jan,4,66,1,-230,Q1 - 1967,85
196702,1966/67,1967,2,01-Feb-67,28-Feb-67,Feb-67,Feb,5,66,1,-230,Q1 - 1967,86
196703,1966/67,1967,3,01-Mar-67,31-Mar-67,Mar-67,Mar,6,66,1,-230,Q1 - 1967,87
196704,1966/67,1967,4,01-Apr-67,30-Apr-67,Apr-67,Apr,7,66,2,-229,Q2 - 1967,88
196705,1966/67,1967,5,01-May-67,31-May-67,May-67,May,8,66,2,-229,Q2 - 1967,89
196706,1966/67,1967,6,01-Jun-67,30-Jun-67,Jun-67,Jun,9,66,2,-229,Q2 - 1967,90
196707,1967/68,1967,7,01-Jul-67,31-Jul-67,Jul-67,Jul,10,67,3,-228,Q3 - 1967,91
196708,1967/68,1967,8,01-Aug-67,31-Aug-67,Aug-67,Aug,11,67,3,-228,Q3 - 1967,92
196709,1967/68,1967,9,01-Sep-67,30-Sep-67,Sep-67,Sep,12,67,3,-228,Q3 - 1967,93
196710,1967/68,1967,10,01-Oct-67,31-Oct-67,Oct-67,Oct,1,67,4,-227,Q4 - 1967,94
196711,1967/68,1967,11,01-Nov-67,30-Nov-67,Nov-67,Nov,2,67,4,-227,Q4 - 1967,95
196712,1967/68,1967,12,01-Dec-67,31-Dec-67,Dec-67,Dec,3,67,4,-227,Q4 - 1967,96
196801,1967/68,1968,1,01-Jan-68,31-Jan-68,Jan-68,Jan,4,67,1,-226,Q1 - 1968,97
196802,1967/68,1968,2,01-Feb-68,29-Feb-68,Feb-68,Feb,5,67,1,-226,Q1 - 1968,98
196803,1967/68,1968,3,01-Mar-68,31-Mar-68,Mar-68,Mar,6,67,1,-226,Q1 - 1968,99
196804,1967/68,1968,4,01-Apr-68,30-Apr-68,Apr-68,Apr,7,67,2,-225,Q2 - 1968,100
196805,1967/68,1968,5,01-May-68,31-May-68,May-68,May,8,67,2,-225,Q2 - 1968,101
196806,1967/68,1968,6,01-Jun-68,30-Jun-68,Jun-68,Jun,9,67,2,-225,Q2 - 1968,102
196807,1968/69,1968,7,01-Jul-68,31-Jul-68,Jul-68,Jul,10,68,3,-224,Q3 - 1968,103
196808,1968/69,1968,8,01-Aug-68,31-Aug-68,Aug-68,Aug,11,68,3,-224,Q3 - 1968,104
196809,1968/69,1968,9,01-Sep-68,30-Sep-68,Sep-68,Sep,12,68,3,-224,Q3 - 1968,105
196810,1968/69,1968,10,01-Oct-68,31-Oct-68,Oct-68,Oct,1,68,4,-223,Q4 - 1968,106
196811,1968/69,1968,11,01-Nov-68,30-Nov-68,Nov-68,Nov,2,68,4,-223,Q4 - 1968,107
196812,1968/69,1968,12,01-Dec-68,31-Dec-68,Dec-68,Dec,3,68,4,-223,Q4 - 1968,108
196901,1968/69,1969,1,01-Jan-69,31-Jan-69,Jan-69,Jan,4,68,1,-222,Q1 - 1969,109
196902,1968/69,1969,2,01-Feb-69,28-Feb-69,Feb-69,Feb,5,68,1,-222,Q1 - 1969,110
196903,1968/69,1969,3,01-Mar-69,31-Mar-69,Mar-69,Mar,6,68,1,-222,Q1 - 1969,111
196904,1968/69,1969,4,01-Apr-69,30-Apr-69,Apr-69,Apr,7,68,2,-221,Q2 - 1969,112
196905,1968/69,1969,5,01-May-69,31-May-69,May-69,May,8,68,2,-221,Q2 - 1969,113
196906,1968/69,1969,6,01-Jun-69,30-Jun-69,Jun-69,Jun,9,68,2,-221,Q2 - 1969,114
196907,1969/70,1969,7,01-Jul-69,31-Jul-69,Jul-69,Jul,10,69,3,-220,Q3 - 1969,115
196908,1969/70,1969,8,01-Aug-69,31-Aug-69,Aug-69,Aug,11,69,3,-220,Q3 - 1969,116
196909,1969/70,1969,9,01-Sep-69,30-Sep-69,Sep-69,Sep,12,69,3,-220,Q3 - 1969,117
196910,1969/70,1969,10,01-Oct-69,31-Oct-69,Oct-69,Oct,1,69,4,-219,Q4 - 1969,118
196911,1969/70,1969,11,01-Nov-69,30-Nov-69,Nov-69,Nov,2,69,4,-219,Q4 - 1969,119
196912,1969/70,1969,12,01-Dec-69,31-Dec-69,Dec-69,Dec,3,69,4,-219,Q4 - 1969,120
197001,1969/70,1970,1,01-Jan-70,31-Jan-70,Jan-70,Jan,4,69,1,-218,Q1 - 1970,121
197002,1969/70,1970,2,01-Feb-70,28-Feb-70,Feb-70,Feb,5,69,1,-218,Q1 - 1970,122
197003,1969/70,1970,3,01-Mar-70,31-Mar-70,Mar-70,Mar,6,69,1,-218,Q1 - 1970,123
197004,1969/70,1970,4,01-Apr-70,30-Apr-70,Apr-70,Apr,7,69,2,-217,Q2 - 1970,124
197005,1969/70,1970,5,01-May-70,31-May-70,May-70,May,8,69,2,-217,Q2 - 1970,125
197006,1969/70,1970,6,01-Jun-70,30-Jun-70,Jun-70,Jun,9,69,2,-217,Q2 - 1970,126
197007,1970/71,1970,7,01-Jul-70,31-Jul-70,Jul-70,Jul,10,70,3,-216,Q3 - 1970,127
197008,1970/71,1970,8,01-Aug-70,31-Aug-70,Aug-70,Aug,11,70,3,-216,Q3 - 1970,128
197009,1970/71,1970,9,01-Sep-70,30-Sep-70,Sep-70,Sep,12,70,3,-216,Q3 - 1970,129
197010,1970/71,1970,10,01-Oct-70,31-Oct-70,Oct-70,Oct,1,70,4,-215,Q4 - 1970,130
197011,1970/71,1970,11,01-Nov-70,30-Nov-70,Nov-70,Nov,2,70,4,-215,Q4 - 1970,131
197012,1970/71,1970,12,01-Dec-70,31-Dec-70,Dec-70,Dec,3,70,4,-215,Q4 - 1970,132
197101,1970/71,1971,1,01-Jan-71,31-Jan-71,Jan-71,Jan,4,70,1,-214,Q1 - 1971,133
197102,1970/71,1971,2,01-Feb-71,28-Feb-71,Feb-71,Feb,5,70,1,-214,Q1 - 1971,134
197103,1970/71,1971,3,01-Mar-71,31-Mar-71,Mar-71,Mar,6,70,1,-214,Q1 - 1971,135
197104,1970/71,1971,4,01-Apr-71,30-Apr-71,Apr-71,Apr,7,70,2,-213,Q2 - 1971,136
197105,1970/71,1971,5,01-May-71,31-May-71,May-71,May,8,70,2,-213,Q2 - 1971,137
197106,1970/71,1971,6,01-Jun-71,30-Jun-71,Jun-71,Jun,9,70,2,-213,Q2 - 1971,138
197107,1971/72,1971,7,01-Jul-71,31-Jul-71,Jul-71,Jul,10,71,3,-212,Q3 - 1971,139
197108,1971/72,1971,8,01-Aug-71,31-Aug-71,Aug-71,Aug,11,71,3,-212,Q3 - 1971,140
197109,1971/72,1971,9,01-Sep-71,30-Sep-71,Sep-71,Sep,12,71,3,-212,Q3 - 1971,141
197110,1971/72,1971,10,01-Oct-71,31-Oct-71,Oct-71,Oct,1,71,4,-211,Q4 - 1971,142
197111,1971/72,1971,11,01-Nov-71,30-Nov-71,Nov-71,Nov,2,71,4,-211,Q4 - 1971,143
197112,1971/72,1971,12,01-Dec-71,31-Dec-71,Dec-71,Dec,3,71,4,-211,Q4 - 1971,144
197201,1971/72,1972,1,01-Jan-72,31-Jan-72,Jan-72,Jan,4,71,1,-210,Q1 - 1972,145
197202,1971/72,1972,2,01-Feb-72,29-Feb-72,Feb-72,Feb,5,71,1,-210,Q1 - 1972,146
197203,1971/72,1972,3,01-Mar-72,31-Mar-72,Mar-72,Mar,6,71,1,-210,Q1 - 1972,147
197204,1971/72,1972,4,01-Apr-72,30-Apr-72,Apr-72,Apr,7,71,2,-209,Q2 - 1972,148
197205,1971/72,1972,5,01-May-72,31-May-72,May-72,May,8,71,2,-209,Q2 - 1972,149
197206,1971/72,1972,6,01-Jun-72,30-Jun-72,Jun-72,Jun,9,71,2,-209,Q2 - 1972,150
197207,1972/73,1972,7,01-Jul-72,31-Jul-72,Jul-72,Jul,10,72,3,-208,Q3 - 1972,151
197208,1972/73,1972,8,01-Aug-72,31-Aug-72,Aug-72,Aug,11,72,3,-208,Q3 - 1972,152
197209,1972/73,1972,9,01-Sep-72,30-Sep-72,Sep-72,Sep,12,72,3,-208,Q3 - 1972,153
197210,1972/73,1972,10,01-Oct-72,31-Oct-72,Oct-72,Oct,1,72,4,-207,Q4 - 1972,154
197211,1972/73,1972,11,01-Nov-72,30-Nov-72,Nov-72,Nov,2,72,4,-207,Q4 - 1972,155
197212,1972/73,1972,12,01-Dec-72,31-Dec-72,Dec-72,Dec,3,72,4,-207,Q4 - 1972,156
197301,1972/73,1973,1,01-Jan-73,31-Jan-73,Jan-73,Jan,4,72,1,-206,Q1 - 1973,157
197302,1972/73,1973,2,01-Feb-73,28-Feb-73,Feb-73,Feb,5,72,1,-206,Q1 - 1973,158
197303,1972/73,1973,3,01-Mar-73,31-Mar-73,Mar-73,Mar,6,72,1,-206,Q1 - 1973,159
197304,1972/73,1973,4,01-Apr-73,30-Apr-73,Apr-73,Apr,7,72,2,-205,Q2 - 1973,160
197305,1972/73,1973,5,01-May-73,31-May-73,May-73,May,8,72,2,-205,Q2 - 1973,161
197306,1972/73,1973,6,01-Jun-73,30-Jun-73,Jun-73,Jun,9,72,2,-205,Q2 - 1973,162
197307,1973/74,1973,7,01-Jul-73,31-Jul-73,Jul-73,Jul,10,73,3,-204,Q3 - 1973,163
197308,1973/74,1973,8,01-Aug-73,31-Aug-73,Aug-73,Aug,11,73,3,-204,Q3 - 1973,164
197309,1973/74,1973,9,01-Sep-73,30-Sep-73,Sep-73,Sep,12,73,3,-204,Q3 - 1973,165
197310,1973/74,1973,10,01-Oct-73,31-Oct-73,Oct-73,Oct,1,73,4,-203,Q4 - 1973,166
197311,1973/74,1973,11,01-Nov-73,30-Nov-73,Nov-73,Nov,2,73,4,-203,Q4 - 1973,167
197312,1973/74,1973,12,01-Dec-73,31-Dec-73,Dec-73,Dec,3,73,4,-203,Q4 - 1973,168
197401,1973/74,1974,1,01-Jan-74,31-Jan-74,Jan-74,Jan,4,73,1,-202,Q1 - 1974,169
197402,1973/74,1974,2,01-Feb-74,28-Feb-74,Feb-74,Feb,5,73,1,-202,Q1 - 1974,170
197403,1973/74,1974,3,01-Mar-74,31-Mar-74,Mar-74,Mar,6,73,1,-202,Q1 - 1974,171
197404,1973/74,1974,4,01-Apr-74,30-Apr-74,Apr-74,Apr,7,73,2,-201,Q2 - 1974,172
197405,1973/74,1974,5,01-May-74,31-May-74,May-74,May,8,73,2,-201,Q2 - 1974,173
197406,1973/74,1974,6,01-Jun-74,30-Jun-74,Jun-74,Jun,9,73,2,-201,Q2 - 1974,174
197407,1974/75,1974,7,01-Jul-74,31-Jul-74,Jul-74,Jul,10,74,3,-200,Q3 - 1974,175
197408,1974/75,1974,8,01-Aug-74,31-Aug-74,Aug-74,Aug,11,74,3,-200,Q3 - 1974,176
197409,1974/75,1974,9,01-Sep-74,30-Sep-74,Sep-74,Sep,12,74,3,-200,Q3 - 1974,177
197410,1974/75,1974,10,01-Oct-74,31-Oct-74,Oct-74,Oct,1,74,4,-199,Q4 - 1974,178
197411,1974/75,1974,11,01-Nov-74,30-Nov-74,Nov-74,Nov,2,74,4,-199,Q4 - 1974,179
197412,1974/75,1974,12,01-Dec-74,31-Dec-74,Dec-74,Dec,3,74,4,-199,Q4 - 1974,180
197501,1974/75,1975,1,01-Jan-75,31-Jan-75,Jan-75,Jan,4,74,1,-198,Q1 - 1975,181
197502,1974/75,1975,2,01-Feb-75,28-Feb-75,Feb-75,Feb,5,74,1,-198,Q1 - 1975,182
197503,1974/75,1975,3,01-Mar-75,31-Mar-75,Mar-75,Mar,6,74,1,-198,Q1 - 1975,183
197504,1974/75,1975,4,01-Apr-75,30-Apr-75,Apr-75,Apr,7,74,2,-197,Q2 - 1975,184
197505,1974/75,1975,5,01-May-75,31-May-75,May-75,May,8,74,2,-197,Q2 - 1975,185
197506,1974/75,1975,6,01-Jun-75,30-Jun-75,Jun-75,Jun,9,74,2,-197,Q2 - 1975,186
197507,1975/76,1975,7,01-Jul-75,31-Jul-75,Jul-75,Jul,10,75,3,-196,Q3 - 1975,187
197508,1975/76,1975,8,01-Aug-75,31-Aug-75,Aug-75,Aug,11,75,3,-196,Q3 - 1975,188
197509,1975/76,1975,9,01-Sep-75,30-Sep-75,Sep-75,Sep,12,75,3,-196,Q3 - 1975,189
197510,1975/76,1975,10,01-Oct-75,31-Oct-75,Oct-75,Oct,1,75,4,-195,Q4 - 1975,190
197511,1975/76,1975,11,01-Nov-75,30-Nov-75,Nov-75,Nov,2,75,4,-195,Q4 - 1975,191
197512,1975/76,1975,12,01-Dec-75,31-Dec-75,Dec-75,Dec,3,75,4,-195,Q4 - 1975,192
197601,1975/76,1976,1,01-Jan-76,31-Jan-76,Jan-76,Jan,4,75,1,-194,Q1 - 1976,193
197602,1975/76,1976,2,01-Feb-76,29-Feb-76,Feb-76,Feb,5,75,1,-194,Q1 - 1976,194
197603,1975/76,1976,3,01-Mar-76,31-Mar-76,Mar-76,Mar,6,75,1,-194,Q1 - 1976,195
197604,1975/76,1976,4,01-Apr-76,30-Apr-76,Apr-76,Apr,7,75,2,-193,Q2 - 1976,196
197605,1975/76,1976,5,01-May-76,31-May-76,May-76,May,8,75,2,-193,Q2 - 1976,197
197606,1975/76,1976,6,01-Jun-76,30-Jun-76,Jun-76,Jun,9,75,2,-193,Q2 - 1976,198
197607,1976/77,1976,7,01-Jul-76,31-Jul-76,Jul-76,Jul,10,76,3,-192,Q3 - 1976,199
197608,1976/77,1976,8,01-Aug-76,31-Aug-76,Aug-76,Aug,11,76,3,-192,Q3 - 1976,200
197609,1976/77,1976,9,01-Sep-76,30-Sep-76,Sep-76,Sep,12,76,3,-192,Q3 - 1976,201
197610,1976/77,1976,10,01-Oct-76,31-Oct-76,Oct-76,Oct,1,76,4,-191,Q4 - 1976,202
197611,1976/77,1976,11,01-Nov-76,30-Nov-76,Nov-76,Nov,2,76,4,-191,Q4 - 1976,203
197612,1976/77,1976,12,01-Dec-76,31-Dec-76,Dec-76,Dec,3,76,4,-191,Q4 - 1976,204
197701,1976/77,1977,1,01-Jan-77,31-Jan-77,Jan-77,Jan,4,76,1,-190,Q1 - 1977,205
197702,1976/77,1977,2,01-Feb-77,28-Feb-77,Feb-77,Feb,5,76,1,-190,Q1 - 1977,206
197703,1976/77,1977,3,01-Mar-77,31-Mar-77,Mar-77,Mar,6,76,1,-190,Q1 - 1977,207
197704,1976/77,1977,4,01-Apr-77,30-Apr-77,Apr-77,Apr,7,76,2,-189,Q2 - 1977,208
197705,1976/77,1977,5,01-May-77,31-May-77,May-77,May,8,76,2,-189,Q2 - 1977,209
197706,1976/77,1977,6,01-Jun-77,30-Jun-77,Jun-77,Jun,9,76,2,-189,Q2 - 1977,210
197707,1977/78,1977,7,01-Jul-77,31-Jul-77,Jul-77,Jul,10,77,3,-188,Q3 - 1977,211
197708,1977/78,1977,8,01-Aug-77,31-Aug-77,Aug-77,Aug,11,77,3,-188,Q3 - 1977,212
197709,1977/78,1977,9,01-Sep-77,30-Sep-77,Sep-77,Sep,12,77,3,-188,Q3 - 1977,213
197710,1977/78,1977,10,01-Oct-77,31-Oct-77,Oct-77,Oct,1,77,4,-187,Q4 - 1977,214
197711,1977/78,1977,11,01-Nov-77,30-Nov-77,Nov-77,Nov,2,77,4,-187,Q4 - 1977,215
197712,1977/78,1977,12,01-Dec-77,31-Dec-77,Dec-77,Dec,3,77,4,-187,Q4 - 1977,216
197801,1977/78,1978,1,01-Jan-78,31-Jan-78,Jan-78,Jan,4,77,1,-186,Q1 - 1978,217
197802,1977/78,1978,2,01-Feb-78,28-Feb-78,Feb-78,Feb,5,77,1,-186,Q1 - 1978,218
197803,1977/78,1978,3,01-Mar-78,31-Mar-78,Mar-78,Mar,6,77,1,-186,Q1 - 1978,219
197804,1977/78,1978,4,01-Apr-78,30-Apr-78,Apr-78,Apr,7,77,2,-185,Q2 - 1978,220
197805,1977/78,1978,5,01-May-78,31-May-78,May-78,May,8,77,2,-185,Q2 - 1978,221
197806,1977/78,1978,6,01-Jun-78,30-Jun-78,Jun-78,Jun,9,77,2,-185,Q2 - 1978,222
197807,1978/79,1978,7,01-Jul-78,31-Jul-78,Jul-78,Jul,10,78,3,-184,Q3 - 1978,223
197808,1978/79,1978,8,01-Aug-78,31-Aug-78,Aug-78,Aug,11,78,3,-184,Q3 - 1978,224
197809,1978/79,1978,9,01-Sep-78,30-Sep-78,Sep-78,Sep,12,78,3,-184,Q3 - 1978,225
197810,1978/79,1978,10,01-Oct-78,31-Oct-78,Oct-78,Oct,1,78,4,-183,Q4 - 1978,226
197811,1978/79,1978,11,01-Nov-78,30-Nov-78,Nov-78,Nov,2,78,4,-183,Q4 - 1978,227
197812,1978/79,1978,12,01-Dec-78,31-Dec-78,Dec-78,Dec,3,78,4,-183,Q4 - 1978,228
197901,1978/79,1979,1,01-Jan-79,31-Jan-79,Jan-79,Jan,4,78,1,-182,Q1 - 1979,229
197902,1978/79,1979,2,01-Feb-79,28-Feb-79,Feb-79,Feb,5,78,1,-182,Q1 - 1979,230
197903,1978/79,1979,3,01-Mar-79,31-Mar-79,Mar-79,Mar,6,78,1,-182,Q1 - 1979,231
197904,1978/79,1979,4,01-Apr-79,30-Apr-79,Apr-79,Apr,7,78,2,-181,Q2 - 1979,232
197905,1978/79,1979,5,01-May-79,31-May-79,May-79,May,8,78,2,-181,Q2 - 1979,233
197906,1978/79,1979,6,01-Jun-79,30-Jun-79,Jun-79,Jun,9,78,2,-181,Q2 - 1979,234
197907,1979/80,1979,7,01-Jul-79,31-Jul-79,Jul-79,Jul,10,79,3,-180,Q3 - 1979,235
197908,1979/80,1979,8,01-Aug-79,31-Aug-79,Aug-79,Aug,11,79,3,-180,Q3 - 1979,236
197909,1979/80,1979,9,01-Sep-79,30-Sep-79,Sep-79,Sep,12,79,3,-180,Q3 - 1979,237
197910,1979/80,1979,10,01-Oct-79,31-Oct-79,Oct-79,Oct,1,79,4,-179,Q4 - 1979,238
197911,1979/80,1979,11,01-Nov-79,30-Nov-79,Nov-79,Nov,2,79,4,-179,Q4 - 1979,239
197912,1979/80,1979,12,01-Dec-79,31-Dec-79,Dec-79,Dec,3,79,4,-179,Q4 - 1979,240
198001,1979/80,1980,1,01-Jan-80,31-Jan-80,Jan-80,Jan,4,79,1,-178,Q1 - 1980,241
198002,1979/80,1980,2,01-Feb-80,29-Feb-80,Feb-80,Feb,5,79,1,-178,Q1 - 1980,242
198003,1979/80,1980,3,01-Mar-80,31-Mar-80,Mar-80,Mar,6,79,1,-178,Q1 - 1980,243
198004,1979/80,1980,4,01-Apr-80,30-Apr-80,Apr-80,Apr,7,79,2,-177,Q2 - 1980,244
198005,1979/80,1980,5,01-May-80,31-May-80,May-80,May,8,79,2,-177,Q2 - 1980,245
198006,1979/80,1980,6,01-Jun-80,30-Jun-80,Jun-80,Jun,9,79,2,-177,Q2 - 1980,246
198007,1980/81,1980,7,01-Jul-80,31-Jul-80,Jul-80,Jul,10,80,3,-176,Q3 - 1980,247
198008,1980/81,1980,8,01-Aug-80,31-Aug-80,Aug-80,Aug,11,80,3,-176,Q3 - 1980,248
198009,1980/81,1980,9,01-Sep-80,30-Sep-80,Sep-80,Sep,12,80,3,-176,Q3 - 1980,249
198010,1980/81,1980,10,01-Oct-80,31-Oct-80,Oct-80,Oct,1,80,4,-175,Q4 - 1980,250
198011,1980/81,1980,11,01-Nov-80,30-Nov-80,Nov-80,Nov,2,80,4,-175,Q4 - 1980,251
198012,1980/81,1980,12,01-Dec-80,31-Dec-80,Dec-80,Dec,3,80,4,-175,Q4 - 1980,252
198101,1980/81,1981,1,01-Jan-81,31-Jan-81,Jan-81,Jan,4,80,1,-174,Q1 - 1981,253
198102,1980/81,1981,2,01-Feb-81,28-Feb-81,Feb-81,Feb,5,80,1,-174,Q1 - 1981,254
198103,1980/81,1981,3,01-Mar-81,31-Mar-81,Mar-81,Mar,6,80,1,-174,Q1 - 1981,255
198104,1980/81,1981,4,01-Apr-81,30-Apr-81,Apr-81,Apr,7,80,2,-173,Q2 - 1981,256
198105,1980/81,1981,5,01-May-81,31-May-81,May-81,May,8,80,2,-173,Q2 - 1981,257
198106,1980/81,1981,6,01-Jun-81,30-Jun-81,Jun-81,Jun,9,80,2,-173,Q2 - 1981,258
198107,1981/82,1981,7,01-Jul-81,31-Jul-81,Jul-81,Jul,10,81,3,-172,Q3 - 1981,259
198108,1981/82,1981,8,01-Aug-81,31-Aug-81,Aug-81,Aug,11,81,3,-172,Q3 - 1981,260
198109,1981/82,1981,9,01-Sep-81,30-Sep-81,Sep-81,Sep,12,81,3,-172,Q3 - 1981,261
198110,1981/82,1981,10,01-Oct-81,31-Oct-81,Oct-81,Oct,1,81,4,-171,Q4 - 1981,262
198111,1981/82,1981,11,01-Nov-81,30-Nov-81,Nov-81,Nov,2,81,4,-171,Q4 - 1981,263
198112,1981/82,1981,12,01-Dec-81,31-Dec-81,Dec-81,Dec,3,81,4,-171,Q4 - 1981,264
198201,1981/82,1982,1,01-Jan-82,31-Jan-82,Jan-82,Jan,4,81,1,-170,Q1 - 1982,265
198202,1981/82,1982,2,01-Feb-82,28-Feb-82,Feb-82,Feb,5,81,1,-170,Q1 - 1982,266
198203,1981/82,1982,3,01-Mar-82,31-Mar-82,Mar-82,Mar,6,81,1,-170,Q1 - 1982,267
198204,1981/82,1982,4,01-Apr-82,30-Apr-82,Apr-82,Apr,7,81,2,-169,Q2 - 1982,268
198205,1981/82,1982,5,01-May-82,31-May-82,May-82,May,8,81,2,-169,Q2 - 1982,269
198206,1981/82,1982,6,01-Jun-82,30-Jun-82,Jun-82,Jun,9,81,2,-169,Q2 - 1982,270
198207,1982/83,1982,7,01-Jul-82,31-Jul-82,Jul-82,Jul,10,82,3,-168,Q3 - 1982,271
198208,1982/83,1982,8,01-Aug-82,31-Aug-82,Aug-82,Aug,11,82,3,-168,Q3 - 1982,272
198209,1982/83,1982,9,01-Sep-82,30-Sep-82,Sep-82,Sep,12,82,3,-168,Q3 - 1982,273
198210,1982/83,1982,10,01-Oct-82,31-Oct-82,Oct-82,Oct,1,82,4,-167,Q4 - 1982,274
198211,1982/83,1982,11,01-Nov-82,30-Nov-82,Nov-82,Nov,2,82,4,-167,Q4 - 1982,275
198212,1982/83,1982,12,01-Dec-82,31-Dec-82,Dec-82,Dec,3,82,4,-167,Q4 - 1982,276
198301,1982/83,1983,1,01-Jan-83,31-Jan-83,Jan-83,Jan,4,82,1,-166,Q1 - 1983,277
198302,1982/83,1983,2,01-Feb-83,28-Feb-83,Feb-83,Feb,5,82,1,-166,Q1 - 1983,278
198303,1982/83,1983,3,01-Mar-83,31-Mar-83,Mar-83,Mar,6,82,1,-166,Q1 - 1983,279
198304,1982/83,1983,4,01-Apr-83,30-Apr-83,Apr-83,Apr,7,82,2,-165,Q2 - 1983,280
198305,1982/83,1983,5,01-May-83,31-May-83,May-83,May,8,82,2,-165,Q2 - 1983,281
198306,1982/83,1983,6,01-Jun-83,30-Jun-83,Jun-83,Jun,9,82,2,-165,Q2 - 1983,282
198307,1983/84,1983,7,01-Jul-83,31-Jul-83,Jul-83,Jul,10,83,3,-164,Q3 - 1983,283
198308,1983/84,1983,8,01-Aug-83,31-Aug-83,Aug-83,Aug,11,83,3,-164,Q3 - 1983,284
198309,1983/84,1983,9,01-Sep-83,30-Sep-83,Sep-83,Sep,12,83,3,-164,Q3 - 1983,285
198310,1983/84,1983,10,01-Oct-83,31-Oct-83,Oct-83,Oct,1,83,4,-163,Q4 - 1983,286
198311,1983/84,1983,11,01-Nov-83,30-Nov-83,Nov-83,Nov,2,83,4,-163,Q4 - 1983,287
198312,1983/84,1983,12,01-Dec-83,31-Dec-83,Dec-83,Dec,3,83,4,-163,Q4 - 1983,288
198401,1983/84,1984,1,01-Jan-84,31-Jan-84,Jan-84,Jan,4,83,1,-162,Q1 - 1984,289
198402,1983/84,1984,2,01-Feb-84,29-Feb-84,Feb-84,Feb,5,83,1,-162,Q1 - 1984,290
198403,1983/84,1984,3,01-Mar-84,31-Mar-84,Mar-84,Mar,6,83,1,-162,Q1 - 1984,291
198404,1983/84,1984,4,01-Apr-84,30-Apr-84,Apr-84,Apr,7,83,2,-161,Q2 - 1984,292
198405,1983/84,1984,5,01-May-84,31-May-84,May-84,May,8,83,2,-161,Q2 - 1984,293
198406,1983/84,1984,6,01-Jun-84,30-Jun-84,Jun-84,Jun,9,83,2,-161,Q2 - 1984,294
198407,1984/85,1984,7,01-Jul-84,31-Jul-84,Jul-84,Jul,10,84,3,-160,Q3 - 1984,295
198408,1984/85,1984,8,01-Aug-84,31-Aug-84,Aug-84,Aug,11,84,3,-160,Q3 - 1984,296
198409,1984/85,1984,9,01-Sep-84,30-Sep-84,Sep-84,Sep,12,84,3,-160,Q3 - 1984,297
198410,1984/85,1984,10,01-Oct-84,31-Oct-84,Oct-84,Oct,1,84,4,-159,Q4 - 1984,298
198411,1984/85,1984,11,01-Nov-84,30-Nov-84,Nov-84,Nov,2,84,4,-159,Q4 - 1984,299
198412,1984/85,1984,12,01-Dec-84,31-Dec-84,Dec-84,Dec,3,84,4,-159,Q4 - 1984,300
198501,1984/85,1985,1,01-Jan-85,31-Jan-85,Jan-85,Jan,4,84,1,-158,Q1 - 1985,301
198502,1984/85,1985,2,01-Feb-85,28-Feb-85,Feb-85,Feb,5,84,1,-158,Q1 - 1985,302
198503,1984/85,1985,3,01-Mar-85,31-Mar-85,Mar-85,Mar,6,84,1,-158,Q1 - 1985,303
198504,1984/85,1985,4,01-Apr-85,30-Apr-85,Apr-85,Apr,7,84,2,-157,Q2 - 1985,304
198505,1984/85,1985,5,01-May-85,31-May-85,May-85,May,8,84,2,-157,Q2 - 1985,305
198506,1984/85,1985,6,01-Jun-85,30-Jun-85,Jun-85,Jun,9,84,2,-157,Q2 - 1985,306
198507,1985/86,1985,7,01-Jul-85,31-Jul-85,Jul-85,Jul,10,85,3,-156,Q3 - 1985,307
198508,1985/86,1985,8,01-Aug-85,31-Aug-85,Aug-85,Aug,11,85,3,-156,Q3 - 1985,308
198509,1985/86,1985,9,01-Sep-85,30-Sep-85,Sep-85,Sep,12,85,3,-156,Q3 - 1985,309
198510,1985/86,1985,10,01-Oct-85,31-Oct-85,Oct-85,Oct,1,85,4,-155,Q4 - 1985,310
198511,1985/86,1985,11,01-Nov-85,30-Nov-85,Nov-85,Nov,2,85,4,-155,Q4 - 1985,311
198512,1985/86,1985,12,01-Dec-85,31-Dec-85,Dec-85,Dec,3,85,4,-155,Q4 - 1985,312
198601,1985/86,1986,1,01-Jan-86,31-Jan-86,Jan-86,Jan,4,85,1,-154,Q1 - 1986,313
198602,1985/86,1986,2,01-Feb-86,28-Feb-86,Feb-86,Feb,5,85,1,-154,Q1 - 1986,314
198603,1985/86,1986,3,01-Mar-86,31-Mar-86,Mar-86,Mar,6,85,1,-154,Q1 - 1986,315
198604,1985/86,1986,4,01-Apr-86,30-Apr-86,Apr-86,Apr,7,85,2,-153,Q2 - 1986,316
198605,1985/86,1986,5,01-May-86,31-May-86,May-86,May,8,85,2,-153,Q2 - 1986,317
198606,1985/86,1986,6,01-Jun-86,30-Jun-86,Jun-86,Jun,9,85,2,-153,Q2 - 1986,318
198607,1986/87,1986,7,01-Jul-86,31-Jul-86,Jul-86,Jul,10,86,3,-152,Q3 - 1986,319
198608,1986/87,1986,8,01-Aug-86,31-Aug-86,Aug-86,Aug,11,86,3,-152,Q3 - 1986,320
198609,1986/87,1986,9,01-Sep-86,30-Sep-86,Sep-86,Sep,12,86,3,-152,Q3 - 1986,321
198610,1986/87,1986,10,01-Oct-86,31-Oct-86,Oct-86,Oct,1,86,4,-151,Q4 - 1986,322
198611,1986/87,1986,11,01-Nov-86,30-Nov-86,Nov-86,Nov,2,86,4,-151,Q4 - 1986,323
198612,1986/87,1986,12,01-Dec-86,31-Dec-86,Dec-86,Dec,3,86,4,-151,Q4 - 1986,324
198701,1986/87,1987,1,01-Jan-87,31-Jan-87,Jan-87,Jan,4,86,1,-150,Q1 - 1987,325
198702,1986/87,1987,2,01-Feb-87,28-Feb-87,Feb-87,Feb,5,86,1,-150,Q1 - 1987,326
198703,1986/87,1987,3,01-Mar-87,31-Mar-87,Mar-87,Mar,6,86,1,-150,Q1 - 1987,327
198704,1986/87,1987,4,01-Apr-87,30-Apr-87,Apr-87,Apr,7,86,2,-149,Q2 - 1987,328
198705,1986/87,1987,5,01-May-87,31-May-87,May-87,May,8,86,2,-149,Q2 - 1987,329
198706,1986/87,1987,6,01-Jun-87,30-Jun-87,Jun-87,Jun,9,86,2,-149,Q2 - 1987,330
198707,1987/88,1987,7,01-Jul-87,31-Jul-87,Jul-87,Jul,10,87,3,-148,Q3 - 1987,331
198708,1987/88,1987,8,01-Aug-87,31-Aug-87,Aug-87,Aug,11,87,3,-148,Q3 - 1987,332
198709,1987/88,1987,9,01-Sep-87,30-Sep-87,Sep-87,Sep,12,87,3,-148,Q3 - 1987,333
198710,1987/88,1987,10,01-Oct-87,31-Oct-87,Oct-87,Oct,1,87,4,-147,Q4 - 1987,334
198711,1987/88,1987,11,01-Nov-87,30-Nov-87,Nov-87,Nov,2,87,4,-147,Q4 - 1987,335
198712,1987/88,1987,12,01-Dec-87,31-Dec-87,Dec-87,Dec,3,87,4,-147,Q4 - 1987,336
198801,1987/88,1988,1,01-Jan-88,31-Jan-88,Jan-88,Jan,4,87,1,-146,Q1 - 1988,337
198802,1987/88,1988,2,01-Feb-88,29-Feb-88,Feb-88,Feb,5,87,1,-146,Q1 - 1988,338
198803,1987/88,1988,3,01-Mar-88,31-Mar-88,Mar-88,Mar,6,87,1,-146,Q1 - 1988,339
198804,1987/88,1988,4,01-Apr-88,30-Apr-88,Apr-88,Apr,7,87,2,-145,Q2 - 1988,340
198805,1987/88,1988,5,01-May-88,31-May-88,May-88,May,8,87,2,-145,Q2 - 1988,341
198806,1987/88,1988,6,01-Jun-88,30-Jun-88,Jun-88,Jun,9,87,2,-145,Q2 - 1988,342
198807,1988/89,1988,7,01-Jul-88,31-Jul-88,Jul-88,Jul,10,88,3,-144,Q3 - 1988,343
198808,1988/89,1988,8,01-Aug-88,31-Aug-88,Aug-88,Aug,11,88,3,-144,Q3 - 1988,344
198809,1988/89,1988,9,01-Sep-88,30-Sep-88,Sep-88,Sep,12,88,3,-144,Q3 - 1988,345
198810,1988/89,1988,10,01-Oct-88,31-Oct-88,Oct-88,Oct,1,88,4,-143,Q4 - 1988,346
198811,1988/89,1988,11,01-Nov-88,30-Nov-88,Nov-88,Nov,2,88,4,-143,Q4 - 1988,347
198812,1988/89,1988,12,01-Dec-88,31-Dec-88,Dec-88,Dec,3,88,4,-143,Q4 - 1988,348
198901,1988/89,1989,1,01-Jan-89,31-Jan-89,Jan-89,Jan,4,88,1,-142,Q1 - 1989,349
198902,1988/89,1989,2,01-Feb-89,28-Feb-89,Feb-89,Feb,5,88,1,-142,Q1 - 1989,350
198903,1988/89,1989,3,01-Mar-89,31-Mar-89,Mar-89,Mar,6,88,1,-142,Q1 - 1989,351
198904,1988/89,1989,4,01-Apr-89,30-Apr-89,Apr-89,Apr,7,88,2,-141,Q2 - 1989,352
198905,1988/89,1989,5,01-May-89,31-May-89,May-89,May,8,88,2,-141,Q2 - 1989,353
198906,1988/89,1989,6,01-Jun-89,30-Jun-89,Jun-89,Jun,9,88,2,-141,Q2 - 1989,354
198907,1989/90,1989,7,01-Jul-89,31-Jul-89,Jul-89,Jul,10,89,3,-140,Q3 - 1989,355
198908,1989/90,1989,8,01-Aug-89,31-Aug-89,Aug-89,Aug,11,89,3,-140,Q3 - 1989,356
198909,1989/90,1989,9,01-Sep-89,30-Sep-89,Sep-89,Sep,12,89,3,-140,Q3 - 1989,357
198910,1989/90,1989,10,01-Oct-89,31-Oct-89,Oct-89,Oct,1,89,4,-139,Q4 - 1989,358
198911,1989/90,1989,11,01-Nov-89,30-Nov-89,Nov-89,Nov,2,89,4,-139,Q4 - 1989,359
198912,1989/90,1989,12,01-Dec-89,31-Dec-89,Dec-89,Dec,3,89,4,-139,Q4 - 1989,360
199001,1989/90,1990,1,01-Jan-90,31-Jan-90,Jan-90,Jan,4,89,1,-138,Q1 - 1990,361
199002,1989/90,1990,2,01-Feb-90,28-Feb-90,Feb-90,Feb,5,89,1,-138,Q1 - 1990,362
199003,1989/90,1990,3,01-Mar-90,31-Mar-90,Mar-90,Mar,6,89,1,-138,Q1 - 1990,363
199004,1989/90,1990,4,01-Apr-90,30-Apr-90,Apr-90,Apr,7,89,2,-137,Q2 - 1990,364
199005,1989/90,1990,5,01-May-90,31-May-90,May-90,May,8,89,2,-137,Q2 - 1990,365
199006,1989/90,1990,6,01-Jun-90,30-Jun-90,Jun-90,Jun,9,89,2,-137,Q2 - 1990,366
199007,1990/91,1990,7,01-Jul-90,31-Jul-90,Jul-90,Jul,10,90,3,-136,Q3 - 1990,367
199008,1990/91,1990,8,01-Aug-90,31-Aug-90,Aug-90,Aug,11,90,3,-136,Q3 - 1990,368
199009,1990/91,1990,9,01-Sep-90,30-Sep-90,Sep-90,Sep,12,90,3,-136,Q3 - 1990,369
199010,1990/91,1990,10,01-Oct-90,31-Oct-90,Oct-90,Oct,1,90,4,-135,Q4 - 1990,370
199011,1990/91,1990,11,01-Nov-90,30-Nov-90,Nov-90,Nov,2,90,4,-135,Q4 - 1990,371
199012,1990/91,1990,12,01-Dec-90,31-Dec-90,Dec-90,Dec,3,90,4,-135,Q4 - 1990,372
199101,1990/91,1991,1,01-Jan-91,31-Jan-91,Jan-91,Jan,4,90,1,-134,Q1 - 1991,373
199102,1990/91,1991,2,01-Feb-91,28-Feb-91,Feb-91,Feb,5,90,1,-134,Q1 - 1991,374
199103,1990/91,1991,3,01-Mar-91,31-Mar-91,Mar-91,Mar,6,90,1,-134,Q1 - 1991,375
199104,1990/91,1991,4,01-Apr-91,30-Apr-91,Apr-91,Apr,7,90,2,-133,Q2 - 1991,376
199105,1990/91,1991,5,01-May-91,31-May-91,May-91,May,8,90,2,-133,Q2 - 1991,377
199106,1990/91,1991,6,01-Jun-91,30-Jun-91,Jun-91,Jun,9,90,2,-133,Q2 - 1991,378
199107,1991/92,1991,7,01-Jul-91,31-Jul-91,Jul-91,Jul,10,91,3,-132,Q3 - 1991,379
199108,1991/92,1991,8,01-Aug-91,31-Aug-91,Aug-91,Aug,11,91,3,-132,Q3 - 1991,380
199109,1991/92,1991,9,01-Sep-91,30-Sep-91,Sep-91,Sep,12,91,3,-132,Q3 - 1991,381
199110,1991/92,1991,10,01-Oct-91,31-Oct-91,Oct-91,Oct,1,91,4,-131,Q4 - 1991,382
199111,1991/92,1991,11,01-Nov-91,30-Nov-91,Nov-91,Nov,2,91,4,-131,Q4 - 1991,383
199112,1991/92,1991,12,01-Dec-91,31-Dec-91,Dec-91,Dec,3,91,4,-131,Q4 - 1991,384
199201,1991/92,1992,1,01-Jan-92,31-Jan-92,Jan-92,Jan,4,91,1,-130,Q1 - 1992,385
199202,1991/92,1992,2,01-Feb-92,29-Feb-92,Feb-92,Feb,5,91,1,-130,Q1 - 1992,386
199203,1991/92,1992,3,01-Mar-92,31-Mar-92,Mar-92,Mar,6,91,1,-130,Q1 - 1992,387
199204,1991/92,1992,4,01-Apr-92,30-Apr-92,Apr-92,Apr,7,91,2,-129,Q2 - 1992,388
199205,1991/92,1992,5,01-May-92,31-May-92,May-92,May,8,91,2,-129,Q2 - 1992,389
199206,1991/92,1992,6,01-Jun-92,30-Jun-92,Jun-92,Jun,9,91,2,-129,Q2 - 1992,390
199207,1992/93,1992,7,01-Jul-92,31-Jul-92,Jul-92,Jul,10,92,3,-128,Q3 - 1992,391
199208,1992/93,1992,8,01-Aug-92,31-Aug-92,Aug-92,Aug,11,92,3,-128,Q3 - 1992,392
199209,1992/93,1992,9,01-Sep-92,30-Sep-92,Sep-92,Sep,12,92,3,-128,Q3 - 1992,393
199210,1992/93,1992,10,01-Oct-92,31-Oct-92,Oct-92,Oct,1,92,4,-127,Q4 - 1992,394
199211,1992/93,1992,11,01-Nov-92,30-Nov-92,Nov-92,Nov,2,92,4,-127,Q4 - 1992,395
199212,1992/93,1992,12,01-Dec-92,31-Dec-92,Dec-92,Dec,3,92,4,-127,Q4 - 1992,396
199301,1992/93,1993,1,01-Jan-93,31-Jan-93,Jan-93,Jan,4,92,1,-126,Q1 - 1993,397
199302,1992/93,1993,2,01-Feb-93,28-Feb-93,Feb-93,Feb,5,92,1,-126,Q1 - 1993,398
199303,1992/93,1993,3,01-Mar-93,31-Mar-93,Mar-93,Mar,6,92,1,-126,Q1 - 1993,399
199304,1992/93,1993,4,01-Apr-93,30-Apr-93,Apr-93,Apr,7,92,2,-125,Q2 - 1993,400
199305,1992/93,1993,5,01-May-93,31-May-93,May-93,May,8,92,2,-125,Q2 - 1993,401
199306,1992/93,1993,6,01-Jun-93,30-Jun-93,Jun-93,Jun,9,92,2,-125,Q2 - 1993,402
199307,1993/94,1993,7,01-Jul-93,31-Jul-93,Jul-93,Jul,10,93,3,-124,Q3 - 1993,403
199308,1993/94,1993,8,01-Aug-93,31-Aug-93,Aug-93,Aug,11,93,3,-124,Q3 - 1993,404
199309,1993/94,1993,9,01-Sep-93,30-Sep-93,Sep-93,Sep,12,93,3,-124,Q3 - 1993,405
199310,1993/94,1993,10,01-Oct-93,31-Oct-93,Oct-93,Oct,1,93,4,-123,Q4 - 1993,406
199311,1993/94,1993,11,01-Nov-93,30-Nov-93,Nov-93,Nov,2,93,4,-123,Q4 - 1993,407
199312,1993/94,1993,12,01-Dec-93,31-Dec-93,Dec-93,Dec,3,93,4,-123,Q4 - 1993,408
199401,1993/94,1994,1,01-Jan-94,31-Jan-94,Jan-94,Jan,4,93,1,-122,Q1 - 1994,409
199402,1993/94,1994,2,01-Feb-94,28-Feb-94,Feb-94,Feb,5,93,1,-122,Q1 - 1994,410
199403,1993/94,1994,3,01-Mar-94,31-Mar-94,Mar-94,Mar,6,93,1,-122,Q1 - 1994,411
199404,1993/94,1994,4,01-Apr-94,30-Apr-94,Apr-94,Apr,7,93,2,-121,Q2 - 1994,412
199405,1993/94,1994,5,01-May-94,31-May-94,May-94,May,8,93,2,-121,Q2 - 1994,413
199406,1993/94,1994,6,01-Jun-94,30-Jun-94,Jun-94,Jun,9,93,2,-121,Q2 - 1994,414
199407,1994/95,1994,7,01-Jul-94,31-Jul-94,Jul-94,Jul,10,94,3,-120,Q3 - 1994,415
199408,1994/95,1994,8,01-Aug-94,31-Aug-94,Aug-94,Aug,11,94,3,-120,Q3 - 1994,416
199409,1994/95,1994,9,01-Sep-94,30-Sep-94,Sep-94,Sep,12,94,3,-120,Q3 - 1994,417
199410,1994/95,1994,10,01-Oct-94,31-Oct-94,Oct-94,Oct,1,94,4,-119,Q4 - 1994,418
199411,1994/95,1994,11,01-Nov-94,30-Nov-94,Nov-94,Nov,2,94,4,-119,Q4 - 1994,419
199412,1994/95,1994,12,01-Dec-94,31-Dec-94,Dec-94,Dec,3,94,4,-119,Q4 - 1994,420
199501,1994/95,1995,1,01-Jan-95,31-Jan-95,Jan-95,Jan,4,94,1,-118,Q1 - 1995,421
199502,1994/95,1995,2,01-Feb-95,28-Feb-95,Feb-95,Feb,5,94,1,-118,Q1 - 1995,422
199503,1994/95,1995,3,01-Mar-95,31-Mar-95,Mar-95,Mar,6,94,1,-118,Q1 - 1995,423
199504,1994/95,1995,4,01-Apr-95,30-Apr-95,Apr-95,Apr,7,94,2,-117,Q2 - 1995,424
199505,1994/95,1995,5,01-May-95,31-May-95,May-95,May,8,94,2,-117,Q2 - 1995,425
199506,1994/95,1995,6,01-Jun-95,30-Jun-95,Jun-95,Jun,9,94,2,-117,Q2 - 1995,426
199507,1995/96,1995,7,01-Jul-95,31-Jul-95,Jul-95,Jul,10,95,3,-116,Q3 - 1995,427
199508,1995/96,1995,8,01-Aug-95,31-Aug-95,Aug-95,Aug,11,95,3,-116,Q3 - 1995,428
199509,1995/96,1995,9,01-Sep-95,30-Sep-95,Sep-95,Sep,12,95,3,-116,Q3 - 1995,429
199510,1995/96,1995,10,01-Oct-95,31-Oct-95,Oct-95,Oct,1,95,4,-115,Q4 - 1995,430
199511,1995/96,1995,11,01-Nov-95,30-Nov-95,Nov-95,Nov,2,95,4,-115,Q4 - 1995,431
199512,1995/96,1995,12,01-Dec-95,31-Dec-95,Dec-95,Dec,3,95,4,-115,Q4 - 1995,432
199601,1995/96,1996,1,01-Jan-96,31-Jan-96,Jan-96,Jan,4,95,1,-114,Q1 - 1996,433
199602,1995/96,1996,2,01-Feb-96,29-Feb-96,Feb-96,Feb,5,95,1,-114,Q1 - 1996,434
199603,1995/96,1996,3,01-Mar-96,31-Mar-96,Mar-96,Mar,6,95,1,-114,Q1 - 1996,435
199604,1995/96,1996,4,01-Apr-96,30-Apr-96,Apr-96,Apr,7,95,2,-113,Q2 - 1996,436
199605,1995/96,1996,5,01-May-96,31-May-96,May-96,May,8,95,2,-113,Q2 - 1996,437
199606,1995/96,1996,6,01-Jun-96,30-Jun-96,Jun-96,Jun,9,95,2,-113,Q2 - 1996,438
199607,1996/97,1996,7,01-Jul-96,31-Jul-96,Jul-96,Jul,10,96,3,-112,Q3 - 1996,439
199608,1996/97,1996,8,01-Aug-96,31-Aug-96,Aug-96,Aug,11,96,3,-112,Q3 - 1996,440
199609,1996/97,1996,9,01-Sep-96,30-Sep-96,Sep-96,Sep,12,96,3,-112,Q3 - 1996,441
199610,1996/97,1996,10,01-Oct-96,31-Oct-96,Oct-96,Oct,1,96,4,-111,Q4 - 1996,442
199611,1996/97,1996,11,01-Nov-96,30-Nov-96,Nov-96,Nov,2,96,4,-111,Q4 - 1996,443
199612,1996/97,1996,12,01-Dec-96,31-Dec-96,Dec-96,Dec,3,96,4,-111,Q4 - 1996,444
199701,1996/97,1997,1,01-Jan-97,31-Jan-97,Jan-97,Jan,4,96,1,-110,Q1 - 1997,445
199702,1996/97,1997,2,01-Feb-97,28-Feb-97,Feb-97,Feb,5,96,1,-110,Q1 - 1997,446
199703,1996/97,1997,3,01-Mar-97,31-Mar-97,Mar-97,Mar,6,96,1,-110,Q1 - 1997,447
199704,1996/97,1997,4,01-Apr-97,30-Apr-97,Apr-97,Apr,7,96,2,-109,Q2 - 1997,448
199705,1996/97,1997,5,01-May-97,31-May-97,May-97,May,8,96,2,-109,Q2 - 1997,449
199706,1996/97,1997,6,01-Jun-97,30-Jun-97,Jun-97,Jun,9,96,2,-109,Q2 - 1997,450
199707,1997/98,1997,7,01-Jul-97,31-Jul-97,Jul-97,Jul,10,97,3,-108,Q3 - 1997,451
199708,1997/98,1997,8,01-Aug-97,31-Aug-97,Aug-97,Aug,11,97,3,-108,Q3 - 1997,452
199709,1997/98,1997,9,01-Sep-97,30-Sep-97,Sep-97,Sep,12,97,3,-108,Q3 - 1997,453
199710,1997/98,1997,10,01-Oct-97,31-Oct-97,Oct-97,Oct,1,97,4,-107,Q4 - 1997,454
199711,1997/98,1997,11,01-Nov-97,30-Nov-97,Nov-97,Nov,2,97,4,-107,Q4 - 1997,455
199712,1997/98,1997,12,01-Dec-97,31-Dec-97,Dec-97,Dec,3,97,4,-107,Q4 - 1997,456
199801,1997/98,1998,1,01-Jan-98,31-Jan-98,Jan-98,Jan,4,97,1,-106,Q1 - 1998,457
199802,1997/98,1998,2,01-Feb-98,28-Feb-98,Feb-98,Feb,5,97,1,-106,Q1 - 1998,458
199803,1997/98,1998,3,01-Mar-98,31-Mar-98,Mar-98,Mar,6,97,1,-106,Q1 - 1998,459
199804,1997/98,1998,4,01-Apr-98,30-Apr-98,Apr-98,Apr,7,97,2,-105,Q2 - 1998,460
199805,1997/98,1998,5,01-May-98,31-May-98,May-98,May,8,97,2,-105,Q2 - 1998,461
199806,1997/98,1998,6,01-Jun-98,30-Jun-98,Jun-98,Jun,9,97,2,-105,Q2 - 1998,462
199807,1998/99,1998,7,01-Jul-98,31-Jul-98,Jul-98,Jul,10,98,3,-104,Q3 - 1998,463
199808,1998/99,1998,8,01-Aug-98,31-Aug-98,Aug-98,Aug,11,98,3,-104,Q3 - 1998,464
199809,1998/99,1998,9,01-Sep-98,30-Sep-98,Sep-98,Sep,12,98,3,-104,Q3 - 1998,465
199810,1998/99,1998,10,01-Oct-98,31-Oct-98,Oct-98,Oct,1,98,4,-103,Q4 - 1998,466
199811,1998/99,1998,11,01-Nov-98,30-Nov-98,Nov-98,Nov,2,98,4,-103,Q4 - 1998,467
199812,1998/99,1998,12,01-Dec-98,31-Dec-98,Dec-98,Dec,3,98,4,-103,Q4 - 1998,468
199901,1998/99,1999,1,01-Jan-99,31-Jan-99,Jan-99,Jan,4,98,1,-102,Q1 - 1999,469
199902,1998/99,1999,2,01-Feb-99,28-Feb-99,Feb-99,Feb,5,98,1,-102,Q1 - 1999,470
199903,1998/99,1999,3,01-Mar-99,31-Mar-99,Mar-99,Mar,6,98,1,-102,Q1 - 1999,471
199904,1998/99,1999,4,01-Apr-99,30-Apr-99,Apr-99,Apr,7,98,2,-101,Q2 - 1999,472
199905,1998/99,1999,5,01-May-99,31-May-99,May-99,May,8,98,2,-101,Q2 - 1999,473
199906,1998/99,1999,6,01-Jun-99,30-Jun-99,Jun-99,Jun,9,98,2,-101,Q2 - 1999,474
199907,1999/00,1999,7,01-Jul-99,31-Jul-99,Jul-99,Jul,10,99,3,-100,Q3 - 1999,475
199908,1999/00,1999,8,01-Aug-99,31-Aug-99,Aug-99,Aug,11,99,3,-100,Q3 - 1999,476
199909,1999/00,1999,9,01-Sep-99,30-Sep-99,Sep-99,Sep,12,99,3,-100,Q3 - 1999,477
199910,1999/00,1999,10,01-Oct-99,31-Oct-99,Oct-99,Oct,1,99,4,-99,Q4 - 1999,478
199911,1999/00,1999,11,01-Nov-99,30-Nov-99,Nov-99,Nov,2,99,4,-99,Q4 - 1999,479
199912,1999/00,1999,12,01-Dec-99,31-Dec-99,Dec-99,Dec,3,99,4,-99,Q4 - 1999,480
200001,1999/00,2000,1,01-Jan-00,31-Jan-00,Jan-00,Jan,4,99,1,-98,Q1 - 2000,481
200002,1999/00,2000,2,01-Feb-00,29-Feb-00,Feb-00,Feb,5,99,1,-98,Q1 - 2000,482
200003,1999/00,2000,3,01-Mar-00,31-Mar-00,Mar-00,Mar,6,99,1,-98,Q1 - 2000,483
200004,1999/00,2000,4,01-Apr-00,30-Apr-00,Apr-00,Apr,7,99,2,-97,Q2 - 2000,484
200005,1999/00,2000,5,01-May-00,31-May-00,May-00,May,8,99,2,-97,Q2 - 2000,485
200006,1999/00,2000,6,01-Jun-00,30-Jun-00,Jun-00,Jun,9,99,2,-97,Q2 - 2000,486
200007,2000/01,2000,7,01-Jul-00,31-Jul-00,Jul-00,Jul,10,0,3,-96,Q3 - 2000,487
200008,2000/01,2000,8,01-Aug-00,31-Aug-00,Aug-00,Aug,11,0,3,-96,Q3 - 2000,488
200009,2000/01,2000,9,01-Sep-00,30-Sep-00,Sep-00,Sep,12,0,3,-96,Q3 - 2000,489
200010,2000/01,2000,10,01-Oct-00,31-Oct-00,Oct-00,Oct,1,0,4,-95,Q4 - 2000,490
200011,2000/01,2000,11,01-Nov-00,30-Nov-00,Nov-00,Nov,2,0,4,-95,Q4 - 2000,491
200012,2000/01,2000,12,01-Dec-00,31-Dec-00,Dec-00,Dec,3,0,4,-95,Q4 - 2000,492
200101,2000/01,2001,1,01-Jan-01,31-Jan-01,Jan-01,Jan,4,0,1,-94,Q1 - 2001,493
200102,2000/01,2001,2,01-Feb-01,28-Feb-01,Feb-01,Feb,5,0,1,-94,Q1 - 2001,494
200103,2000/01,2001,3,01-Mar-01,31-Mar-01,Mar-01,Mar,6,0,1,-94,Q1 - 2001,495
200104,2000/01,2001,4,01-Apr-01,30-Apr-01,Apr-01,Apr,7,0,2,-93,Q2 - 2001,496
200105,2000/01,2001,5,01-May-01,31-May-01,May-01,May,8,0,2,-93,Q2 - 2001,497
200106,2000/01,2001,6,01-Jun-01,30-Jun-01,Jun-01,Jun,9,0,2,-93,Q2 - 2001,498
200107,2001/02,2001,7,01-Jul-01,31-Jul-01,Jul-01,Jul,10,1,3,-92,Q3 - 2001,499
200108,2001/02,2001,8,01-Aug-01,31-Aug-01,Aug-01,Aug,11,1,3,-92,Q3 - 2001,500
200109,2001/02,2001,9,01-Sep-01,30-Sep-01,Sep-01,Sep,12,1,3,-92,Q3 - 2001,501
200110,2001/02,2001,10,01-Oct-01,31-Oct-01,Oct-01,Oct,1,1,4,-91,Q4 - 2001,502
200111,2001/02,2001,11,01-Nov-01,30-Nov-01,Nov-01,Nov,2,1,4,-91,Q4 - 2001,503
200112,2001/02,2001,12,01-Dec-01,31-Dec-01,Dec-01,Dec,3,1,4,-91,Q4 - 2001,504
200201,2001/02,2002,1,01-Jan-02,31-Jan-02,Jan-02,Jan,4,1,1,-90,Q1 - 2002,505
200202,2001/02,2002,2,01-Feb-02,28-Feb-02,Feb-02,Feb,5,1,1,-90,Q1 - 2002,506
200203,2001/02,2002,3,01-Mar-02,31-Mar-02,Mar-02,Mar,6,1,1,-90,Q1 - 2002,507
200204,2001/02,2002,4,01-Apr-02,30-Apr-02,Apr-02,Apr,7,1,2,-89,Q2 - 2002,508
200205,2001/02,2002,5,01-May-02,31-May-02,May-02,May,8,1,2,-89,Q2 - 2002,509
200206,2001/02,2002,6,01-Jun-02,30-Jun-02,Jun-02,Jun,9,1,2,-89,Q2 - 2002,510
200207,2002/03,2002,7,01-Jul-02,31-Jul-02,Jul-02,Jul,10,2,3,-88,Q3 - 2002,511
200208,2002/03,2002,8,01-Aug-02,31-Aug-02,Aug-02,Aug,11,2,3,-88,Q3 - 2002,512
200209,2002/03,2002,9,01-Sep-02,30-Sep-02,Sep-02,Sep,12,2,3,-88,Q3 - 2002,513
200210,2002/03,2002,10,01-Oct-02,31-Oct-02,Oct-02,Oct,1,2,4,-87,Q4 - 2002,514
200211,2002/03,2002,11,01-Nov-02,30-Nov-02,Nov-02,Nov,2,2,4,-87,Q4 - 2002,515
200212,2002/03,2002,12,01-Dec-02,31-Dec-02,Dec-02,Dec,3,2,4,-87,Q4 - 2002,516
200301,2002/03,2003,1,01-Jan-03,31-Jan-03,Jan-03,Jan,4,2,1,-86,Q1 - 2003,517
200302,2002/03,2003,2,01-Feb-03,28-Feb-03,Feb-03,Feb,5,2,1,-86,Q1 - 2003,518
200303,2002/03,2003,3,01-Mar-03,31-Mar-03,Mar-03,Mar,6,2,1,-86,Q1 - 2003,519
200304,2002/03,2003,4,01-Apr-03,30-Apr-03,Apr-03,Apr,7,2,2,-85,Q2 - 2003,520
200305,2002/03,2003,5,01-May-03,31-May-03,May-03,May,8,2,2,-85,Q2 - 2003,521
200306,2002/03,2003,6,01-Jun-03,30-Jun-03,Jun-03,Jun,9,2,2,-85,Q2 - 2003,522
200307,2003/04,2003,7,01-Jul-03,31-Jul-03,Jul-03,Jul,10,3,3,-84,Q3 - 2003,523
200308,2003/04,2003,8,01-Aug-03,31-Aug-03,Aug-03,Aug,11,3,3,-84,Q3 - 2003,524
200309,2003/04,2003,9,01-Sep-03,30-Sep-03,Sep-03,Sep,12,3,3,-84,Q3 - 2003,525
200310,2003/04,2003,10,01-Oct-03,31-Oct-03,Oct-03,Oct,1,3,4,-83,Q4 - 2003,526
200311,2003/04,2003,11,01-Nov-03,30-Nov-03,Nov-03,Nov,2,3,4,-83,Q4 - 2003,527
200312,2003/04,2003,12,01-Dec-03,31-Dec-03,Dec-03,Dec,3,3,4,-83,Q4 - 2003,528
200401,2003/04,2004,1,01-Jan-04,31-Jan-04,Jan-04,Jan,4,3,1,-82,Q1 - 2004,529
200402,2003/04,2004,2,01-Feb-04,29-Feb-04,Feb-04,Feb,5,3,1,-82,Q1 - 2004,530
200403,2003/04,2004,3,01-Mar-04,31-Mar-04,Mar-04,Mar,6,3,1,-82,Q1 - 2004,531
200404,2003/04,2004,4,01-Apr-04,30-Apr-04,Apr-04,Apr,7,3,2,-81,Q2 - 2004,532
200405,2003/04,2004,5,01-May-04,31-May-04,May-04,May,8,3,2,-81,Q2 - 2004,533
200406,2003/04,2004,6,01-Jun-04,30-Jun-04,Jun-04,Jun,9,3,2,-81,Q2 - 2004,534
200407,2004/05,2004,7,01-Jul-04,31-Jul-04,Jul-04,Jul,10,4,3,-80,Q3 - 2004,535
200408,2004/05,2004,8,01-Aug-04,31-Aug-04,Aug-04,Aug,11,4,3,-80,Q3 - 2004,536
200409,2004/05,2004,9,01-Sep-04,30-Sep-04,Sep-04,Sep,12,4,3,-80,Q3 - 2004,537
200410,2004/05,2004,10,01-Oct-04,31-Oct-04,Oct-04,Oct,1,4,4,-79,Q4 - 2004,538
200411,2004/05,2004,11,01-Nov-04,30-Nov-04,Nov-04,Nov,2,4,4,-79,Q4 - 2004,539
200412,2004/05,2004,12,01-Dec-04,31-Dec-04,Dec-04,Dec,3,4,4,-79,Q4 - 2004,540
200501,2004/05,2005,1,01-Jan-05,31-Jan-05,Jan-05,Jan,4,4,1,-78,Q1 - 2005,541
200502,2004/05,2005,2,01-Feb-05,28-Feb-05,Feb-05,Feb,5,4,1,-78,Q1 - 2005,542
200503,2004/05,2005,3,01-Mar-05,31-Mar-05,Mar-05,Mar,6,4,1,-78,Q1 - 2005,543
200504,2004/05,2005,4,01-Apr-05,30-Apr-05,Apr-05,Apr,7,4,2,-77,Q2 - 2005,544
200505,2004/05,2005,5,01-May-05,31-May-05,May-05,May,8,4,2,-77,Q2 - 2005,545
200506,2004/05,2005,6,01-Jun-05,30-Jun-05,Jun-05,Jun,9,4,2,-77,Q2 - 2005,546
200507,2005/06,2005,7,01-Jul-05,31-Jul-05,Jul-05,Jul,10,5,3,-76,Q3 - 2005,547
200508,2005/06,2005,8,01-Aug-05,31-Aug-05,Aug-05,Aug,11,5,3,-76,Q3 - 2005,548
200509,2005/06,2005,9,01-Sep-05,30-Sep-05,Sep-05,Sep,12,5,3,-76,Q3 - 2005,549
200510,2005/06,2005,10,01-Oct-05,31-Oct-05,Oct-05,Oct,1,5,4,-75,Q4 - 2005,550
200511,2005/06,2005,11,01-Nov-05,30-Nov-05,Nov-05,Nov,2,5,4,-75,Q4 - 2005,551
200512,2005/06,2005,12,01-Dec-05,31-Dec-05,Dec-05,Dec,3,5,4,-75,Q4 - 2005,552
200601,2005/06,2006,1,01-Jan-06,31-Jan-06,Jan-06,Jan,4,5,1,-74,Q1 - 2006,553
200602,2005/06,2006,2,01-Feb-06,28-Feb-06,Feb-06,Feb,5,5,1,-74,Q1 - 2006,554
200603,2005/06,2006,3,01-Mar-06,31-Mar-06,Mar-06,Mar,6,5,1,-74,Q1 - 2006,555
200604,2005/06,2006,4,01-Apr-06,30-Apr-06,Apr-06,Apr,7,5,2,-73,Q2 - 2006,556
200605,2005/06,2006,5,01-May-06,31-May-06,May-06,May,8,5,2,-73,Q2 - 2006,557
200606,2005/06,2006,6,01-Jun-06,30-Jun-06,Jun-06,Jun,9,5,2,-73,Q2 - 2006,558
200607,2006/07,2006,7,01-Jul-06,31-Jul-06,Jul-06,Jul,10,6,3,-72,Q3 - 2006,559
200608,2006/07,2006,8,01-Aug-06,31-Aug-06,Aug-06,Aug,11,6,3,-72,Q3 - 2006,560
200609,2006/07,2006,9,01-Sep-06,30-Sep-06,Sep-06,Sep,12,6,3,-72,Q3 - 2006,561
200610,2006/07,2006,10,01-Oct-06,31-Oct-06,Oct-06,Oct,1,6,4,-71,Q4 - 2006,562
200611,2006/07,2006,11,01-Nov-06,30-Nov-06,Nov-06,Nov,2,6,4,-71,Q4 - 2006,563
200612,2006/07,2006,12,01-Dec-06,31-Dec-06,Dec-06,Dec,3,6,4,-71,Q4 - 2006,564
200701,2006/07,2007,1,01-Jan-07,31-Jan-07,Jan-07,Jan,4,6,1,-70,Q1 - 2007,565
200702,2006/07,2007,2,01-Feb-07,28-Feb-07,Feb-07,Feb,5,6,1,-70,Q1 - 2007,566
200703,2006/07,2007,3,01-Mar-07,31-Mar-07,Mar-07,Mar,6,6,1,-70,Q1 - 2007,567
200704,2006/07,2007,4,01-Apr-07,30-Apr-07,Apr-07,Apr,7,6,2,-69,Q2 - 2007,568
200705,2006/07,2007,5,01-May-07,31-May-07,May-07,May,8,6,2,-69,Q2 - 2007,569
200706,2006/07,2007,6,01-Jun-07,30-Jun-07,Jun-07,Jun,9,6,2,-69,Q2 - 2007,570
200707,2006/07,2007,7,01-Jul-07,31-Jul-07,Jul-07,Jul,10,6,3,-68,Q3 - 2007,571
200708,2006/07,2007,8,01-Aug-07,31-Aug-07,Aug-07,Aug,11,6,3,-68,Q3 - 2007,572
200709,2006/07,2007,9,01-Sep-07,30-Sep-07,Sep-07,Sep,12,6,3,-68,Q3 - 2007,573
200710,2007/08,2007,10,01-Oct-07,31-Oct-07,Oct-07,Oct,1,7,4,-67,Q4 - 2007,574
200711,2007/08,2007,11,01-Nov-07,30-Nov-07,Nov-07,Nov,2,7,4,-67,Q4 - 2007,575
200712,2007/08,2007,12,01-Dec-07,31-Dec-07,Dec-07,Dec,3,7,4,-67,Q4 - 2007,576
200801,2007/08,2008,1,01-Jan-08,31-Jan-08,Jan-08,Jan,4,7,1,-66,Q1 - 2008,577
200802,2007/08,2008,2,01-Feb-08,29-Feb-08,Feb-08,Feb,5,7,1,-66,Q1 - 2008,578
200803,2007/08,2008,3,01-Mar-08,31-Mar-08,Mar-08,Mar,6,7,1,-66,Q1 - 2008,579
200804,2007/08,2008,4,01-Apr-08,30-Apr-08,Apr-08,Apr,7,7,2,-65,Q2 - 2008,580
200805,2007/08,2008,5,01-May-08,31-May-08,May-08,May,8,7,2,-65,Q2 - 2008,581
200806,2007/08,2008,6,01-Jun-08,30-Jun-08,Jun-08,Jun,9,7,2,-65,Q2 - 2008,582
200807,2007/08,2008,7,01-Jul-08,31-Jul-08,Jul-08,Jul,10,7,3,-64,Q3 - 2008,583
200808,2007/08,2008,8,01-Aug-08,31-Aug-08,Aug-08,Aug,11,7,3,-64,Q3 - 2008,584
200809,2007/08,2008,9,01-Sep-08,30-Sep-08,Sep-08,Sep,12,7,3,-64,Q3 - 2008,585
200810,2008/09,2008,10,01-Oct-08,31-Oct-08,Oct-08,Oct,1,8,4,-63,Q4 - 2008,586
200811,2008/09,2008,11,01-Nov-08,30-Nov-08,Nov-08,Nov,2,8,4,-63,Q4 - 2008,587
200812,2008/09,2008,12,01-Dec-08,31-Dec-08,Dec-08,Dec,3,8,4,-63,Q4 - 2008,588
200901,2008/09,2009,1,01-Jan-09,31-Jan-09,Jan-09,Jan,4,8,1,-62,Q1 - 2009,589
200902,2008/09,2009,2,01-Feb-09,28-Feb-09,Feb-09,Feb,5,8,1,-62,Q1 - 2009,590
200903,2008/09,2009,3,01-Mar-09,31-Mar-09,Mar-09,Mar,6,8,1,-62,Q1 - 2009,591
200904,2008/09,2009,4,01-Apr-09,30-Apr-09,Apr-09,Apr,7,8,2,-61,Q2 - 2009,592
200905,2008/09,2009,5,01-May-09,31-May-09,May-09,May,8,8,2,-61,Q2 - 2009,593
200906,2008/09,2009,6,01-Jun-09,30-Jun-09,Jun-09,Jun,9,8,2,-61,Q2 - 2009,594
200907,2008/09,2009,7,01-Jul-09,31-Jul-09,Jul-09,Jul,10,8,3,-60,Q3 - 2009,595
200908,2008/09,2009,8,01-Aug-09,31-Aug-09,Aug-09,Aug,11,8,3,-60,Q3 - 2009,596
200909,2008/09,2009,9,01-Sep-09,30-Sep-09,Sep-09,Sep,12,8,3,-60,Q3 - 2009,597
200910,2009/10,2009,10,01-Oct-09,31-Oct-09,Oct-09,Oct,1,9,4,-59,Q4 - 2009,598
200911,2009/10,2009,11,01-Nov-09,30-Nov-09,Nov-09,Nov,2,9,4,-59,Q4 - 2009,599
200912,2009/10,2009,12,01-Dec-09,31-Dec-09,Dec-09,Dec,3,9,4,-59,Q4 - 2009,600
201001,2009/10,2010,1,01-Jan-10,31-Jan-10,Jan-10,Jan,4,9,1,-58,Q1 - 2010,601
201002,2009/10,2010,2,01-Feb-10,28-Feb-10,Feb-10,Feb,5,9,1,-58,Q1 - 2010,602
201003,2009/10,2010,3,01-Mar-10,31-Mar-10,Mar-10,Mar,6,9,1,-58,Q1 - 2010,603
201004,2009/10,2010,4,01-Apr-10,30-Apr-10,Apr-10,Apr,7,9,2,-57,Q2 - 2010,604
201005,2009/10,2010,5,01-May-10,31-May-10,May-10,May,8,9,2,-57,Q2 - 2010,605
201006,2009/10,2010,6,01-Jun-10,30-Jun-10,Jun-10,Jun,9,9,2,-57,Q2 - 2010,606
201007,2009/10,2010,7,01-Jul-10,31-Jul-10,Jul-10,Jul,10,9,3,-56,Q3 - 2010,607
201008,2009/10,2010,8,01-Aug-10,31-Aug-10,Aug-10,Aug,11,9,3,-56,Q3 - 2010,608
201009,2009/10,2010,9,01-Sep-10,30-Sep-10,Sep-10,Sep,12,9,3,-56,Q3 - 2010,609
201010,2010/11,2010,10,01-Oct-10,31-Oct-10,Oct-10,Oct,1,10,4,-55,Q4 - 2010,610
201011,2010/11,2010,11,01-Nov-10,30-Nov-10,Nov-10,Nov,2,10,4,-55,Q4 - 2010,611
201012,2010/11,2010,12,01-Dec-10,31-Dec-10,Dec-10,Dec,3,10,4,-55,Q4 - 2010,612
201101,2010/11,2011,1,01-Jan-11,31-Jan-11,Jan-11,Jan,4,10,1,-54,Q1 - 2011,613
201102,2010/11,2011,2,01-Feb-11,28-Feb-11,Feb-11,Feb,5,10,1,-54,Q1 - 2011,614
201103,2010/11,2011,3,01-Mar-11,31-Mar-11,Mar-11,Mar,6,10,1,-54,Q1 - 2011,615
201104,2010/11,2011,4,01-Apr-11,30-Apr-11,Apr-11,Apr,7,10,2,-53,Q2 - 2011,616
201105,2010/11,2011,5,01-May-11,31-May-11,May-11,May,8,10,2,-53,Q2 - 2011,617
201106,2010/11,2011,6,01-Jun-11,30-Jun-11,Jun-11,Jun,9,10,2,-53,Q2 - 2011,618
201107,2010/11,2011,7,01-Jul-11,31-Jul-11,Jul-11,Jul,10,10,3,-52,Q3 - 2011,619
201108,2010/11,2011,8,01-Aug-11,31-Aug-11,Aug-11,Aug,11,10,3,-52,Q3 - 2011,620
201109,2010/11,2011,9,01-Sep-11,30-Sep-11,Sep-11,Sep,12,10,3,-52,Q3 - 2011,621
201110,2011/12,2011,10,01-Oct-11,31-Oct-11,Oct-11,Oct,1,11,4,-51,Q4 - 2011,622
201111,2011/12,2011,11,01-Nov-11,30-Nov-11,Nov-11,Nov,2,11,4,-51,Q4 - 2011,623
201112,2011/12,2011,12,01-Dec-11,31-Dec-11,Dec-11,Dec,3,11,4,-51,Q4 - 2011,624
201201,2011/12,2012,1,01-Jan-12,31-Jan-12,Jan-12,Jan,4,11,1,-50,Q1 - 2012,625
201202,2011/12,2012,2,01-Feb-12,29-Feb-12,Feb-12,Feb,5,11,1,-50,Q1 - 2012,626
201203,2011/12,2012,3,01-Mar-12,31-Mar-12,Mar-12,Mar,6,11,1,-50,Q1 - 2012,627
201204,2011/12,2012,4,01-Apr-12,30-Apr-12,Apr-12,Apr,7,11,2,-49,Q2 - 2012,628
201205,2011/12,2012,5,01-May-12,31-May-12,May-12,May,8,11,2,-49,Q2 - 2012,629
201206,2011/12,2012,6,01-Jun-12,30-Jun-12,Jun-12,Jun,9,11,2,-49,Q2 - 2012,630
201207,2011/12,2012,7,01-Jul-12,31-Jul-12,Jul-12,Jul,10,11,3,-48,Q3 - 2012,631
201208,2011/12,2012,8,01-Aug-12,31-Aug-12,Aug-12,Aug,11,11,3,-48,Q3 - 2012,632
201209,2011/12,2012,9,01-Sep-12,30-Sep-12,Sep-12,Sep,12,11,3,-48,Q3 - 2012,633
201210,2012/13,2012,10,01-Oct-12,31-Oct-12,Oct-12,Oct,1,12,4,-47,Q4 - 2012,634
201211,2012/13,2012,11,01-Nov-12,30-Nov-12,Nov-12,Nov,2,12,4,-47,Q4 - 2012,635
201212,2012/13,2012,12,01-Dec-12,31-Dec-12,Dec-12,Dec,3,12,4,-47,Q4 - 2012,636
201301,2012/13,2013,1,01-Jan-13,31-Jan-13,Jan-13,Jan,4,12,1,-46,Q1 - 2013,637
201302,2012/13,2013,2,01-Feb-13,28-Feb-13,Feb-13,Feb,5,12,1,-46,Q1 - 2013,638
201303,2012/13,2013,3,01-Mar-13,31-Mar-13,Mar-13,Mar,6,12,1,-46,Q1 - 2013,639
201304,2012/13,2013,4,01-Apr-13,30-Apr-13,Apr-13,Apr,7,12,2,-45,Q2 - 2013,640
201305,2012/13,2013,5,01-May-13,31-May-13,May-13,May,8,12,2,-45,Q2 - 2013,641
201306,2012/13,2013,6,01-Jun-13,30-Jun-13,Jun-13,Jun,9,12,2,-45,Q2 - 2013,642
201307,2012/13,2013,7,01-Jul-13,31-Jul-13,Jul-13,Jul,10,12,3,-44,Q3 - 2013,643
201308,2012/13,2013,8,01-Aug-13,31-Aug-13,Aug-13,Aug,11,12,3,-44,Q3 - 2013,644
201309,2012/13,2013,9,01-Sep-13,30-Sep-13,Sep-13,Sep,12,12,3,-44,Q3 - 2013,645
201310,2013/14,2013,10,01-Oct-13,31-Oct-13,Oct-13,Oct,1,13,4,-43,Q4 - 2013,646
201311,2013/14,2013,11,01-Nov-13,30-Nov-13,Nov-13,Nov,2,13,4,-43,Q4 - 2013,647
201312,2013/14,2013,12,01-Dec-13,31-Dec-13,Dec-13,Dec,3,13,4,-43,Q4 - 2013,648
201401,2013/14,2014,1,01-Jan-14,31-Jan-14,Jan-14,Jan,4,13,1,-42,Q1 - 2014,649
201402,2013/14,2014,2,01-Feb-14,28-Feb-14,Feb-14,Feb,5,13,1,-42,Q1 - 2014,650
201403,2013/14,2014,3,01-Mar-14,31-Mar-14,Mar-14,Mar,6,13,1,-42,Q1 - 2014,651
201404,2013/14,2014,4,01-Apr-14,30-Apr-14,Apr-14,Apr,7,13,2,-41,Q2 - 2014,652
201405,2013/14,2014,5,01-May-14,31-May-14,May-14,May,8,13,2,-41,Q2 - 2014,653
201406,2013/14,2014,6,01-Jun-14,30-Jun-14,Jun-14,Jun,9,13,2,-41,Q2 - 2014,654
201407,2013/14,2014,7,01-Jul-14,31-Jul-14,Jul-14,Jul,10,13,3,-40,Q3 - 2014,655
201408,2013/14,2014,8,01-Aug-14,31-Aug-14,Aug-14,Aug,11,13,3,-40,Q3 - 2014,656
201409,2013/14,2014,9,01-Sep-14,30-Sep-14,Sep-14,Sep,12,13,3,-40,Q3 - 2014,657
201410,2014/15,2014,10,01-Oct-14,31-Oct-14,Oct-14,Oct,1,14,4,-39,Q4 - 2014,658
201411,2014/15,2014,11,01-Nov-14,30-Nov-14,Nov-14,Nov,2,14,4,-39,Q4 - 2014,659
201412,2014/15,2014,12,01-Dec-14,31-Dec-14,Dec-14,Dec,3,14,4,-39,Q4 - 2014,660
201501,2014/15,2015,1,01-Jan-15,31-Jan-15,Jan-15,Jan,4,14,1,-38,Q1 - 2015,661
201502,2014/15,2015,2,01-Feb-15,28-Feb-15,Feb-15,Feb,5,14,1,-38,Q1 - 2015,662
201503,2014/15,2015,3,01-Mar-15,31-Mar-15,Mar-15,Mar,6,14,1,-38,Q1 - 2015,663
201504,2014/15,2015,4,01-Apr-15,30-Apr-15,Apr-15,Apr,7,14,2,-37,Q2 - 2015,664
201505,2014/15,2015,5,01-May-15,31-May-15,May-15,May,8,14,2,-37,Q2 - 2015,665
201506,2014/15,2015,6,01-Jun-15,30-Jun-15,Jun-15,Jun,9,14,2,-37,Q2 - 2015,666
201507,2014/15,2015,7,01-Jul-15,31-Jul-15,Jul-15,Jul,10,14,3,-36,Q3 - 2015,667
201508,2014/15,2015,8,01-Aug-15,31-Aug-15,Aug-15,Aug,11,14,3,-36,Q3 - 2015,668
201509,2014/15,2015,9,01-Sep-15,30-Sep-15,Sep-15,Sep,12,14,3,-36,Q3 - 2015,669
201510,2015/16,2015,10,01-Oct-15,31-Oct-15,Oct-15,Oct,1,15,4,-35,Q4 - 2015,670
201511,2015/16,2015,11,01-Nov-15,30-Nov-15,Nov-15,Nov,2,15,4,-35,Q4 - 2015,671
201512,2015/16,2015,12,01-Dec-15,31-Dec-15,Dec-15,Dec,3,15,4,-35,Q4 - 2015,672
201601,2015/16,2016,1,01-Jan-16,31-Jan-16,Jan-16,Jan,4,15,1,-34,Q1 - 2016,673
201602,2015/16,2016,2,01-Feb-16,29-Feb-16,Feb-16,Feb,5,15,1,-34,Q1 - 2016,674
201603,2015/16,2016,3,01-Mar-16,31-Mar-16,Mar-16,Mar,6,15,1,-34,Q1 - 2016,675
201604,2015/16,2016,4,01-Apr-16,30-Apr-16,Apr-16,Apr,7,15,2,-33,Q2 - 2016,676
201605,2015/16,2016,5,01-May-16,31-May-16,May-16,May,8,15,2,-33,Q2 - 2016,677
201606,2015/16,2016,6,01-Jun-16,30-Jun-16,Jun-16,Jun,9,15,2,-33,Q2 - 2016,678
201607,2015/16,2016,7,01-Jul-16,31-Jul-16,Jul-16,Jul,10,15,3,-32,Q3 - 2016,679
201608,2015/16,2016,8,01-Aug-16,31-Aug-16,Aug-16,Aug,11,15,3,-32,Q3 - 2016,680
201609,2015/16,2016,9,01-Sep-16,30-Sep-16,Sep-16,Sep,12,15,3,-32,Q3 - 2016,681
201610,2016/17,2016,10,01-Oct-16,31-Oct-16,Oct-16,Oct,1,16,4,-31,Q4 - 2016,682
201611,2016/17,2016,11,01-Nov-16,30-Nov-16,Nov-16,Nov,2,16,4,-31,Q4 - 2016,683
201612,2016/17,2016,12,01-Dec-16,31-Dec-16,Dec-16,Dec,3,16,4,-31,Q4 - 2016,684
201701,2016/17,2017,1,01-Jan-17,31-Jan-17,Jan-17,Jan,4,16,1,-30,Q1 - 2017,685
201702,2016/17,2017,2,01-Feb-17,28-Feb-17,Feb-17,Feb,5,16,1,-30,Q1 - 2017,686
201703,2016/17,2017,3,01-Mar-17,31-Mar-17,Mar-17,Mar,6,16,1,-30,Q1 - 2017,687
201704,2016/17,2017,4,01-Apr-17,30-Apr-17,Apr-17,Apr,7,16,2,-29,Q2 - 2017,688
201705,2016/17,2017,5,01-May-17,31-May-17,May-17,May,8,16,2,-29,Q2 - 2017,689
201706,2016/17,2017,6,01-Jun-17,30-Jun-17,Jun-17,Jun,9,16,2,-29,Q2 - 2017,690
201707,2016/17,2017,7,01-Jul-17,31-Jul-17,Jul-17,Jul,10,16,3,-28,Q3 - 2017,691
201708,2016/17,2017,8,01-Aug-17,31-Aug-17,Aug-17,Aug,11,16,3,-28,Q3 - 2017,692
201709,2016/17,2017,9,01-Sep-17,30-Sep-17,Sep-17,Sep,12,16,3,-28,Q3 - 2017,693
201710,2017/18,2017,10,01-Oct-17,31-Oct-17,Oct-17,Oct,1,17,4,-27,Q4 - 2017,694
201711,2017/18,2017,11,01-Nov-17,30-Nov-17,Nov-17,Nov,2,17,4,-27,Q4 - 2017,695
201712,2017/18,2017,12,01-Dec-17,31-Dec-17,Dec-17,Dec,3,17,4,-27,Q4 - 2017,696
201801,2017/18,2018,1,01-Jan-18,31-Jan-18,Jan-18,Jan,4,17,1,-26,Q1 - 2018,697
201802,2017/18,2018,2,01-Feb-18,28-Feb-18,Feb-18,Feb,5,17,1,-26,Q1 - 2018,698
201803,2017/18,2018,3,01-Mar-18,31-Mar-18,Mar-18,Mar,6,17,1,-26,Q1 - 2018,699
201804,2017/18,2018,4,01-Apr-18,30-Apr-18,Apr-18,Apr,7,17,2,-25,Q2 - 2018,700
201805,2017/18,2018,5,01-May-18,31-May-18,May-18,May,8,17,2,-25,Q2 - 2018,701
201806,2017/18,2018,6,01-Jun-18,30-Jun-18,Jun-18,Jun,9,17,2,-25,Q2 - 2018,702
201807,2017/18,2018,7,01-Jul-18,31-Jul-18,Jul-18,Jul,10,17,3,-24,Q3 - 2018,703
201808,2017/18,2018,8,01-Aug-18,31-Aug-18,Aug-18,Aug,11,17,3,-24,Q3 - 2018,704
201809,2017/18,2018,9,01-Sep-18,30-Sep-18,Sep-18,Sep,12,17,3,-24,Q3 - 2018,705
201810,2018/19,2018,10,01-Oct-18,31-Oct-18,Oct-18,Oct,1,18,4,-23,Q4 - 2018,706
201811,2018/19,2018,11,01-Nov-18,30-Nov-18,Nov-18,Nov,2,18,4,-23,Q4 - 2018,707
201812,2018/19,2018,12,01-Dec-18,31-Dec-18,Dec-18,Dec,3,18,4,-23,Q4 - 2018,708
201901,2018/19,2019,1,01-Jan-19,31-Jan-19,Jan-19,Jan,4,18,1,-22,Q1 - 2019,709
201902,2018/19,2019,2,01-Feb-19,28-Feb-19,Feb-19,Feb,5,18,1,-22,Q1 - 2019,710
201903,2018/19,2019,3,01-Mar-19,31-Mar-19,Mar-19,Mar,6,18,1,-22,Q1 - 2019,711
201904,2018/19,2019,4,01-Apr-19,30-Apr-19,Apr-19,Apr,7,18,2,-21,Q2 - 2019,712
201905,2018/19,2019,5,01-May-19,31-May-19,May-19,May,8,18,2,-21,Q2 - 2019,713
201906,2018/19,2019,6,01-Jun-19,30-Jun-19,Jun-19,Jun,9,18,2,-21,Q2 - 2019,714
201907,2018/19,2019,7,01-Jul-19,31-Jul-19,Jul-19,Jul,10,18,3,-20,Q3 - 2019,715
201908,2018/19,2019,8,01-Aug-19,31-Aug-19,Aug-19,Aug,11,18,3,-20,Q3 - 2019,716
201909,2018/19,2019,9,01-Sep-19,30-Sep-19,Sep-19,Sep,12,18,3,-20,Q3 - 2019,717
201910,2019/20,2019,10,01-Oct-19,31-Oct-19,Oct-19,Oct,1,19,4,-19,Q4 - 2019,718
201911,2019/20,2019,11,01-Nov-19,30-Nov-19,Nov-19,Nov,2,19,4,-19,Q4 - 2019,719
201912,2019/20,2019,12,01-Dec-19,31-Dec-19,Dec-19,Dec,3,19,4,-19,Q4 - 2019,720
202001,2019/20,2020,1,01-Jan-20,31-Jan-20,Jan-20,Jan,4,19,1,-18,Q1 - 2020,721
202002,2019/20,2020,2,01-Feb-20,29-Feb-20,Feb-20,Feb,5,19,1,-18,Q1 - 2020,722
202003,2019/20,2020,3,01-Mar-20,31-Mar-20,Mar-20,Mar,6,19,1,-18,Q1 - 2020,723
202004,2019/20,2020,4,01-Apr-20,30-Apr-20,Apr-20,Apr,7,19,2,-17,Q2 - 2020,724
202005,2019/20,2020,5,01-May-20,31-May-20,May-20,May,8,19,2,-17,Q2 - 2020,725
202006,2019/20,2020,6,01-Jun-20,30-Jun-20,Jun-20,Jun,9,19,2,-17,Q2 - 2020,726
202007,2019/20,2020,7,01-Jul-20,31-Jul-20,Jul-20,Jul,10,19,3,-16,Q3 - 2020,727
202008,2019/20,2020,8,01-Aug-20,31-Aug-20,Aug-20,Aug,11,19,3,-16,Q3 - 2020,728
202009,2019/20,2020,9,01-Sep-20,30-Sep-20,Sep-20,Sep,12,19,3,-16,Q3 - 2020,729
202010,2020/21,2020,10,01-Oct-20,31-Oct-20,Oct-20,Oct,1,20,4,-15,Q4 - 2020,730
202011,2020/21,2020,11,01-Nov-20,30-Nov-20,Nov-20,Nov,2,20,4,-15,Q4 - 2020,731
202012,2020/21,2020,12,01-Dec-20,31-Dec-20,Dec-20,Dec,3,20,4,-15,Q4 - 2020,732
202101,2020/21,2021,1,01-Jan-21,31-Jan-21,Jan-21,Jan,4,20,1,-14,Q1 - 2021,733
202102,2020/21,2021,2,01-Feb-21,28-Feb-21,Feb-21,Feb,5,20,1,-14,Q1 - 2021,734
202103,2020/21,2021,3,01-Mar-21,31-Mar-21,Mar-21,Mar,6,20,1,-14,Q1 - 2021,735
202104,2020/21,2021,4,01-Apr-21,30-Apr-21,Apr-21,Apr,7,20,2,-13,Q2 - 2021,736
202105,2020/21,2021,5,01-May-21,31-May-21,May-21,May,8,20,2,-13,Q2 - 2021,737
202106,2020/21,2021,6,01-Jun-21,30-Jun-21,Jun-21,Jun,9,20,2,-13,Q2 - 2021,738
202107,2020/21,2021,7,01-Jul-21,31-Jul-21,Jul-21,Jul,10,20,3,-12,Q3 - 2021,739
202108,2020/21,2021,8,01-Aug-21,31-Aug-21,Aug-21,Aug,11,20,3,-12,Q3 - 2021,740
202109,2020/21,2021,9,01-Sep-21,30-Sep-21,Sep-21,Sep,12,20,3,-12,Q3 - 2021,741
202110,2021/22,2021,10,01-Oct-21,31-Oct-21,Oct-21,Oct,1,21,4,-11,Q4 - 2021,742
202111,2021/22,2021,11,01-Nov-21,30-Nov-21,Nov-21,Nov,2,21,4,-11,Q4 - 2021,743
202112,2021/22,2021,12,01-Dec-21,31-Dec-21,Dec-21,Dec,3,21,4,-11,Q4 - 2021,744
202201,2021/22,2022,1,01-Jan-22,31-Jan-22,Jan-22,Jan,4,21,1,-10,Q1 - 2022,745
202202,2021/22,2022,2,01-Feb-22,28-Feb-22,Feb-22,Feb,5,21,1,-10,Q1 - 2022,746
202203,2021/22,2022,3,01-Mar-22,31-Mar-22,Mar-22,Mar,6,21,1,-10,Q1 - 2022,747
202204,2021/22,2022,4,01-Apr-22,30-Apr-22,Apr-22,Apr,7,21,2,-9,Q2 - 2022,748
202205,2021/22,2022,5,01-May-22,31-May-22,May-22,May,8,21,2,-9,Q2 - 2022,749
202206,2021/22,2022,6,01-Jun-22,30-Jun-22,Jun-22,Jun,9,21,2,-9,Q2 - 2022,750
202207,2021/22,2022,7,01-Jul-22,31-Jul-22,Jul-22,Jul,10,21,3,-8,Q3 - 2022,751
202208,2021/22,2022,8,01-Aug-22,31-Aug-22,Aug-22,Aug,11,21,3,-8,Q3 - 2022,752
202209,2021/22,2022,9,01-Sep-22,30-Sep-22,Sep-22,Sep,12,21,3,-8,Q3 - 2022,753
202210,2022/23,2022,10,01-Oct-22,31-Oct-22,Oct-22,Oct,1,22,4,-7,Q4 - 2022,754
202211,2022/23,2022,11,01-Nov-22,30-Nov-22,Nov-22,Nov,2,22,4,-7,Q4 - 2022,755
202212,2022/23,2022,12,01-Dec-22,31-Dec-22,Dec-22,Dec,3,22,4,-7,Q4 - 2022,756
202301,2022/23,2023,1,01-Jan-23,31-Jan-23,Jan-23,Jan,4,22,1,-6,Q1 - 2023,757
202302,2022/23,2023,2,01-Feb-23,28-Feb-23,Feb-23,Feb,5,22,1,-6,Q1 - 2023,758
202303,2022/23,2023,3,01-Mar-23,31-Mar-23,Mar-23,Mar,6,22,1,-6,Q1 - 2023,759
202304,2022/23,2023,4,01-Apr-23,30-Apr-23,Apr-23,Apr,7,22,2,-5,Q2 - 2023,760
202305,2022/23,2023,5,01-May-23,31-May-23,May-23,May,8,22,2,-5,Q2 - 2023,761
202306,2022/23,2023,6,01-Jun-23,30-Jun-23,Jun-23,Jun,9,22,2,-5,Q2 - 2023,762
202307,2022/23,2023,7,01-Jul-23,31-Jul-23,Jul-23,Jul,10,22,3,-4,Q3 - 2023,763
202308,2022/23,2023,8,01-Aug-23,31-Aug-23,Aug-23,Aug,11,22,3,-4,Q3 - 2023,764
202309,2022/23,2023,9,01-Sep-23,30-Sep-23,Sep-23,Sep,12,22,3,-4,Q3 - 2023,765
202310,2023/24,2023,10,01-Oct-23,31-Oct-23,Oct-23,Oct,1,23,4,-3,Q4 - 2023,766
202311,2023/24,2023,11,01-Nov-23,30-Nov-23,Nov-23,Nov,2,23,4,-3,Q4 - 2023,767
202312,2023/24,2023,12,01-Dec-23,31-Dec-23,Dec-23,Dec,3,23,4,-3,Q4 - 2023,768
202401,2023/24,2024,1,01-Jan-24,31-Jan-24,Jan-24,Jan,4,23,1,-2,Q1 - 2024,769
202402,2023/24,2024,2,01-Feb-24,29-Feb-24,Feb-24,Feb,5,23,1,-2,Q1 - 2024,770
202403,2023/24,2024,3,01-Mar-24,31-Mar-24,Mar-24,Mar,6,23,1,-2,Q1 - 2024,771
202404,2023/24,2024,4,01-Apr-24,30-Apr-24,Apr-24,Apr,7,23,2,-1,Q2 - 2024,772
202405,2023/24,2024,5,01-May-24,31-May-24,May-24,May,8,23,2,-1,Q2 - 2024,773
202406,2023/24,2024,6,01-Jun-24,30-Jun-24,Jun-24,Jun,9,23,2,-1,Q2 - 2024,774
202407,2023/24,2024,7,01-Jul-24,31-Jul-24,Jul-24,Jul,10,23,3,0,Q3 - 2024,775
202408,2023/24,2024,8,01-Aug-24,31-Aug-24,Aug-24,Aug,11,23,3,0,Q3 - 2024,776
202409,2023/24,2024,9,01-Sep-24,30-Sep-24,Sep-24,Sep,12,23,3,0,Q3 - 2024,777
202410,2024/25,2024,10,01-Oct-24,31-Oct-24,Oct-24,Oct,1,24,4,1,Q4 - 2024,778
202411,2024/25,2024,11,01-Nov-24,30-Nov-24,Nov-24,Nov,2,24,4,1,Q4 - 2024,779
202412,2024/25,2024,12,01-Dec-24,31-Dec-24,Dec-24,Dec,3,24,4,1,Q4 - 2024,780
202501,2024/25,2025,1,01-Jan-25,31-Jan-25,Jan-25,Jan,4,24,1,2,Q1 - 2025,781
202502,2024/25,2025,2,01-Feb-25,28-Feb-25,Feb-25,Feb,5,24,1,2,Q1 - 2025,782
202503,2024/25,2025,3,01-Mar-25,31-Mar-25,Mar-25,Mar,6,24,1,2,Q1 - 2025,783
202504,2024/25,2025,4,01-Apr-25,30-Apr-25,Apr-25,Apr,7,24,2,3,Q2 - 2025,784
202505,2024/25,2025,5,01-May-25,31-May-25,May-25,May,8,24,2,3,Q2 - 2025,785
202506,2024/25,2025,6,01-Jun-25,30-Jun-25,Jun-25,Jun,9,24,2,3,Q2 - 2025,786
202507,2024/25,2025,7,01-Jul-25,31-Jul-25,Jul-25,Jul,10,24,3,4,Q3 - 2025,787
202508,2024/25,2025,8,01-Aug-25,31-Aug-25,Aug-25,Aug,11,24,3,4,Q3 - 2025,788
202509,2024/25,2025,9,01-Sep-25,30-Sep-25,Sep-25,Sep,12,24,3,4,Q3 - 2025,789
202510,2025/26,2025,10,01-Oct-25,31-Oct-25,Oct-25,Oct,1,25,4,5,Q4 - 2025,790
202511,2025/26,2025,11,01-Nov-25,30-Nov-25,Nov-25,Nov,2,25,4,5,Q4 - 2025,791
202512,2025/26,2025,12,01-Dec-25,31-Dec-25,Dec-25,Dec,3,25,4,5,Q4 - 2025,792
202601,2025/26,2026,1,01-Jan-26,31-Jan-26,Jan-26,Jan,4,25,1,6,Q1 - 2026,793
202602,2025/26,2026,2,01-Feb-26,28-Feb-26,Feb-26,Feb,5,25,1,6,Q1 - 2026,794
202603,2025/26,2026,3,01-Mar-26,31-Mar-26,Mar-26,Mar,6,25,1,6,Q1 - 2026,795
202604,2025/26,2026,4,01-Apr-26,30-Apr-26,Apr-26,Apr,7,25,2,7,Q2 - 2026,796
202605,2025/26,2026,5,01-May-26,31-May-26,May-26,May,8,25,2,7,Q2 - 2026,797
202606,2025/26,2026,6,01-Jun-26,30-Jun-26,Jun-26,Jun,9,25,2,7,Q2 - 2026,798
202607,2025/26,2026,7,01-Jul-26,31-Jul-26,Jul-26,Jul,10,25,3,8,Q3 - 2026,799
202608,2025/26,2026,8,01-Aug-26,31-Aug-26,Aug-26,Aug,11,25,3,8,Q3 - 2026,800
202609,2025/26,2026,9,01-Sep-26,30-Sep-26,Sep-26,Sep,12,25,3,8,Q3 - 2026,801
202610,2026/27,2026,10,01-Oct-26,31-Oct-26,Oct-26,Oct,1,26,4,9,Q4 - 2026,802
202611,2026/27,2026,11,01-Nov-26,30-Nov-26,Nov-26,Nov,2,26,4,9,Q4 - 2026,803
202612,2026/27,2026,12,01-Dec-26,31-Dec-26,Dec-26,Dec,3,26,4,9,Q4 - 2026,804
202701,2026/27,2027,1,01-Jan-27,31-Jan-27,Jan-27,Jan,4,26,1,10,Q1 - 2027,805
202702,2026/27,2027,2,01-Feb-27,28-Feb-27,Feb-27,Feb,5,26,1,10,Q1 - 2027,806
202703,2026/27,2027,3,01-Mar-27,31-Mar-27,Mar-27,Mar,6,26,1,10,Q1 - 2027,807
202704,2026/27,2027,4,01-Apr-27,30-Apr-27,Apr-27,Apr,7,26,2,11,Q2 - 2027,808
202705,2026/27,2027,5,01-May-27,31-May-27,May-27,May,8,26,2,11,Q2 - 2027,809
202706,2026/27,2027,6,01-Jun-27,30-Jun-27,Jun-27,Jun,9,26,2,11,Q2 - 2027,810
202707,2026/27,2027,7,01-Jul-27,31-Jul-27,Jul-27,Jul,10,26,3,12,Q3 - 2027,811
202708,2026/27,2027,8,01-Aug-27,31-Aug-27,Aug-27,Aug,11,26,3,12,Q3 - 2027,812
202709,2026/27,2027,9,01-Sep-27,30-Sep-27,Sep-27,Sep,12,26,3,12,Q3 - 2027,813
